0.0,59.0,59.0,2.0,0.0,1.0,C
0.0,62.0,61.0,2.0,0.0,1.0,C
0.0,67.0,64.0,2.0,0.0,1.0,C
2.0,62.0,61.0,0.333333333,0.0,1.0,N
2.333333333,67.0,64.0,0.333333333,0.0,1.0,N
2.666666667,71.0,66.0,0.333333333,0.0,1.0,N
3.0,74.0,68.0,0.333333333,0.0,1.0,N
3.333333333,72.0,67.0,0.333333333,0.0,1.0,N
3.666666667,69.0,65.0,0.333333333,0.0,1.0,N
4.0,67.0,64.0,1.0,0.0,2.0,N
5.0,67.0,64.0,1.0,0.0,2.0,N
6.0,66.0,63.0,1.0,0.0,2.0,N
7.0,67.0,64.0,1.0,0.0,2.0,N
8.0,69.0,65.0,1.5,0.0,3.0,N
9.5,69.0,65.0,0.5,0.0,3.0,N
10.0,71.0,66.0,1.5,0.0,3.0,N
11.5,71.0,66.0,0.5,0.0,3.0,N
12.0,74.0,68.0,1.0,0.0,4.0,N
13.0,72.0,67.0,1.0,0.0,4.0,N
14.0,71.0,66.0,0.0,0.0,4.0,N
14.0,71.0,66.0,1.0,0.0,4.0,N
14.0,72.0,67.0,0.0,0.0,4.0,N
14.0,0.0,0.0,2.0,0.0,4.0,R
16.0,71.0,66.0,2.0,0.0,5.0,C
16.0,74.0,68.0,2.0,0.0,5.0,C
16.0,79.0,71.0,2.0,0.0,5.0,C
18.0,74.0,68.0,0.333333333,0.0,5.0,N
18.333333333,79.0,71.0,0.333333333,0.0,5.0,N
18.666666667,83.0,73.0,0.333333333,0.0,5.0,N
19.0,86.0,75.0,0.333333333,0.0,5.0,N
19.333333333,84.0,74.0,0.333333333,0.0,5.0,N
19.666666667,81.0,72.0,0.333333333,0.0,5.0,N
20.0,79.0,71.0,1.0,0.0,6.0,N
21.0,79.0,71.0,1.0,0.0,6.0,N
22.0,78.0,70.0,1.0,0.0,6.0,N
23.0,79.0,71.0,1.0,0.0,6.0,N
24.0,81.0,72.0,1.5,0.0,7.0,N
25.5,81.0,72.0,0.5,0.0,7.0,N
26.0,83.0,73.0,1.5,0.0,7.0,N
27.5,83.0,73.0,0.5,0.0,7.0,N
28.0,86.0,75.0,1.0,0.0,8.0,N
29.0,84.0,74.0,1.0,0.0,8.0,N
30.0,83.0,73.0,0.0,0.0,8.0,N
30.0,83.0,73.0,0.5,0.0,8.0,N
30.0,84.0,74.0,0.0,0.0,8.0,N
30.0,0.0,0.0,0.5,0.0,8.0,R
30.5,84.0,74.0,0.5,0.0,8.0,N
31.0,85.0,74.0,0.5,0.0,8.0,N
31.5,86.0,75.0,0.5,0.0,8.0,N
32.0,87.0,75.0,0.5,0.0,9.0,N
32.5,88.0,76.0,0.5,0.0,9.0,N
33.0,0.0,0.0,0.5,0.0,9.0,R
33.5,88.0,76.0,0.5,0.0,9.0,N
34.0,86.0,75.0,0.5,0.0,9.0,N
34.5,84.0,74.0,0.5,0.0,9.0,N
35.0,83.0,73.0,0.5,0.0,9.0,N
35.5,81.0,72.0,0.5,0.0,9.0,N
36.0,85.0,74.0,0.5,0.0,10.0,N
36.5,86.0,75.0,0.5,0.0,10.0,N
37.0,0.0,0.0,0.5,0.0,10.0,R
37.5,86.0,75.0,0.5,0.0,10.0,N
38.0,84.0,74.0,0.5,0.0,10.0,N
38.5,83.0,73.0,0.5,0.0,10.0,N
39.0,81.0,72.0,0.5,0.0,10.0,N
39.5,79.0,71.0,0.5,0.0,10.0,N
40.0,78.0,70.0,0.5,0.0,11.0,N
40.5,76.0,69.0,0.5,0.0,11.0,N
41.0,74.0,68.0,0.5,0.0,11.0,N
41.5,72.0,67.0,0.5,0.0,11.0,N
42.0,71.0,66.0,0.5,0.0,11.0,N
42.5,69.0,65.0,0.5,0.0,11.0,N
43.0,67.0,64.0,0.5,0.0,11.0,N
43.5,66.0,63.0,0.5,0.0,11.0,N
44.0,67.0,64.0,1.5,0.0,12.0,N
45.5,69.0,65.0,0.5,0.0,12.0,N
46.0,71.0,66.0,0.5,0.0,12.0,N
46.5,72.0,67.0,0.5,0.0,12.0,N
47.0,73.0,67.0,0.5,0.0,12.0,N
47.5,74.0,68.0,0.5,0.0,12.0,N
48.0,75.0,68.0,0.5,0.0,13.0,N
48.5,76.0,69.0,0.5,0.0,13.0,N
49.0,0.0,0.0,0.5,0.0,13.0,R
49.5,76.0,69.0,0.5,0.0,13.0,N
50.0,74.0,68.0,0.5,0.0,13.0,N
50.5,72.0,67.0,0.5,0.0,13.0,N
51.0,71.0,66.0,0.5,0.0,13.0,N
51.5,69.0,65.0,0.5,0.0,13.0,N
52.0,75.0,68.0,0.5,0.0,14.0,N
52.5,76.0,69.0,0.5,0.0,14.0,N
53.0,0.0,0.0,0.5,0.0,14.0,R
53.5,76.0,69.0,0.5,0.0,14.0,N
54.0,76.0,69.0,0.5,0.0,14.0,N
54.5,73.0,67.0,0.5,0.0,14.0,N
55.0,69.0,65.0,0.5,0.0,14.0,N
55.5,67.0,64.0,0.5,0.0,14.0,N
56.0,66.0,63.0,1.0,0.0,15.0,N
57.0,81.0,72.0,0.333333333,0.0,15.0,N
57.333333333,78.0,70.0,0.333333333,0.0,15.0,N
57.666666667,74.0,68.0,0.333333333,0.0,15.0,N
58.0,72.0,67.0,1.0,0.0,15.0,N
59.0,81.0,72.0,0.333333333,0.0,15.0,N
59.333333333,78.0,70.0,0.333333333,0.0,15.0,N
59.666666667,72.0,67.0,0.333333333,0.0,15.0,N
60.0,71.0,66.0,1.0,0.0,16.0,N
61.0,79.0,71.0,0.333333333,0.0,16.0,N
61.333333333,74.0,68.0,0.333333333,0.0,16.0,N
61.666666667,71.0,66.0,0.333333333,0.0,16.0,N
62.0,67.0,64.0,1.0,0.0,16.0,N
63.0,74.0,68.0,0.333333333,0.0,16.0,N
63.333333333,71.0,66.0,0.333333333,0.0,16.0,N
63.666666667,67.0,64.0,0.333333333,0.0,16.0,N
64.0,66.0,63.0,1.0,0.0,17.0,N
65.0,81.0,72.0,0.333333333,0.0,17.0,N
65.333333333,78.0,70.0,0.333333333,0.0,17.0,N
65.666666667,74.0,68.0,0.333333333,0.0,17.0,N
66.0,72.0,67.0,1.0,0.0,17.0,N
67.0,81.0,72.0,0.333333333,0.0,17.0,N
67.333333333,78.0,70.0,0.333333333,0.0,17.0,N
67.666666667,72.0,67.0,0.333333333,0.0,17.0,N
68.0,71.0,66.0,1.0,0.0,18.0,N
69.0,79.0,71.0,0.333333333,0.0,18.0,N
69.333333333,74.0,68.0,0.333333333,0.0,18.0,N
69.666666667,71.0,66.0,0.333333333,0.0,18.0,N
70.0,67.0,64.0,1.0,0.0,18.0,N
71.0,74.0,68.0,0.333333333,0.0,18.0,N
71.333333333,71.0,66.0,0.333333333,0.0,18.0,N
71.666666667,67.0,64.0,0.333333333,0.0,18.0,N
72.0,62.0,61.0,1.0,0.0,19.0,N
73.0,74.0,68.0,0.333333333,0.0,19.0,N
73.333333333,71.0,66.0,0.333333333,0.0,19.0,N
73.666666667,67.0,64.0,0.333333333,0.0,19.0,N
74.0,62.0,61.0,1.0,0.0,19.0,N
75.0,74.0,68.0,0.333333333,0.0,19.0,N
75.333333333,71.0,66.0,0.333333333,0.0,19.0,N
75.666666667,67.0,64.0,0.333333333,0.0,19.0,N
76.0,62.0,61.0,1.0,0.0,20.0,N
77.0,0.0,0.0,1.5,0.0,20.0,R
78.5,69.0,65.0,0.5,0.0,20.0,N
79.0,69.0,65.0,0.5,0.0,20.0,N
79.5,69.0,65.0,0.5,0.0,20.0,N
80.0,74.0,68.0,1.0,0.0,21.0,N
81.0,73.0,67.0,1.0,0.0,21.0,N
82.0,74.0,68.0,1.0,0.0,21.0,N
83.0,76.0,69.0,1.0,0.0,21.0,N
84.0,79.0,71.0,0.5,0.0,22.0,N
84.5,78.0,70.0,0.5,0.0,22.0,N
85.0,76.0,69.0,1.0,0.0,22.0,N
86.0,0.0,0.0,0.5,0.0,22.0,R
86.5,69.0,65.0,0.5,0.0,22.0,N
87.0,69.0,65.0,0.5,0.0,22.0,N
87.5,69.0,65.0,0.5,0.0,22.0,N
88.0,76.0,69.0,1.0,0.0,23.0,N
89.0,74.0,68.0,1.0,0.0,23.0,N
90.0,73.0,67.0,1.0,0.0,23.0,C
90.0,76.0,69.0,1.0,0.0,23.0,C
91.0,74.0,68.0,1.0,0.0,23.0,C
91.0,78.0,70.0,1.0,0.0,23.0,C
92.0,76.0,69.0,0.5,0.0,24.0,C
92.0,81.0,72.0,0.5,0.0,24.0,C
92.5,79.0,71.0,0.5,0.0,24.0,N
93.0,74.0,68.0,1.0,0.0,24.0,C
93.0,78.0,70.0,1.0,0.0,24.0,C
94.0,0.0,0.0,0.5,0.0,24.0,R
94.5,81.0,72.0,0.5,0.0,24.0,N
95.0,79.0,71.0,0.5,0.0,24.0,N
95.5,78.0,70.0,0.5,0.0,24.0,N
96.0,78.0,70.0,0.5,0.0,25.0,N
96.5,76.0,69.0,0.5,0.0,25.0,N
97.0,76.0,69.0,0.5,0.0,25.0,N
97.5,76.0,69.0,0.5,0.0,25.0,N
98.0,74.0,68.0,0.5,0.0,25.0,N
98.5,81.0,72.0,0.5,0.0,25.0,N
99.0,79.0,71.0,0.5,0.0,25.0,N
99.5,78.0,70.0,0.5,0.0,25.0,N
100.0,78.0,70.0,0.5,0.0,26.0,N
100.5,76.0,69.0,0.5,0.0,26.0,N
101.0,76.0,69.0,0.5,0.0,26.0,N
101.5,76.0,69.0,0.5,0.0,26.0,N
102.0,74.0,68.0,0.5,0.0,26.0,N
102.5,81.0,72.0,0.5,0.0,26.0,N
103.0,79.0,71.0,0.5,0.0,26.0,N
103.5,78.0,70.0,0.5,0.0,26.0,N
104.0,78.0,70.0,0.5,0.0,27.0,N
104.5,76.0,69.0,0.5,0.0,27.0,N
105.0,0.0,0.0,0.5,0.0,27.0,R
105.5,76.0,69.0,0.5,0.0,27.0,N
106.0,76.0,69.0,0.5,0.0,27.0,N
106.5,74.0,68.0,0.5,0.0,27.0,N
107.0,0.0,0.0,0.5,0.0,27.0,R
107.5,74.0,68.0,0.5,0.0,27.0,N
108.0,74.0,68.0,0.5,0.0,28.0,N
108.5,73.0,67.0,0.5,0.0,28.0,N
109.0,71.0,66.0,0.5,0.0,28.0,N
109.5,69.0,65.0,0.5,0.0,28.0,N
110.0,68.0,64.0,0.5,0.0,28.0,N
110.5,69.0,65.0,0.5,0.0,28.0,N
111.0,71.0,66.0,0.5,0.0,28.0,N
111.5,73.0,67.0,0.5,0.0,28.0,N
112.0,74.0,68.0,1.0,0.0,29.0,N
113.0,73.0,67.0,1.0,0.0,29.0,N
114.0,74.0,68.0,1.0,0.0,29.0,N
115.0,76.0,69.0,1.0,0.0,29.0,N
116.0,74.0,68.0,0.5,0.0,30.0,C
116.0,79.0,71.0,0.5,0.0,30.0,C
116.5,78.0,70.0,0.5,0.0,30.0,N
117.0,73.0,67.0,1.0,0.0,30.0,C
117.0,76.0,69.0,1.0,0.0,30.0,C
118.0,0.0,0.0,0.5,0.0,30.0,R
118.5,69.0,65.0,0.5,0.0,30.0,N
119.0,69.0,65.0,0.5,0.0,30.0,N
119.5,69.0,65.0,0.5,0.0,30.0,N
120.0,76.0,69.0,1.0,0.0,31.0,N
121.0,74.0,68.0,1.0,0.0,31.0,N
122.0,73.0,67.0,1.0,0.0,31.0,C
122.0,76.0,69.0,1.0,0.0,31.0,C
123.0,74.0,68.0,1.0,0.0,31.0,C
123.0,78.0,70.0,1.0,0.0,31.0,C
124.0,76.0,69.0,0.5,0.0,32.0,C
124.0,81.0,72.0,0.5,0.0,32.0,C
124.5,79.0,71.0,0.5,0.0,32.0,N
125.0,74.0,68.0,1.0,0.0,32.0,C
125.0,78.0,70.0,1.0,0.0,32.0,C
126.0,0.0,0.0,0.5,0.0,32.0,R
126.5,81.0,72.0,0.5,0.0,32.0,N
127.0,79.0,71.0,0.5,0.0,32.0,N
127.5,78.0,70.0,0.5,0.0,32.0,N
128.0,78.0,70.0,0.5,0.0,33.0,N
128.5,76.0,69.0,0.5,0.0,33.0,N
129.0,76.0,69.0,0.5,0.0,33.0,N
129.5,76.0,69.0,0.5,0.0,33.0,N
130.0,74.0,68.0,0.5,0.0,33.0,N
130.5,81.0,72.0,0.5,0.0,33.0,N
131.0,79.0,71.0,0.5,0.0,33.0,N
131.5,78.0,70.0,0.5,0.0,33.0,N
132.0,78.0,70.0,0.5,0.0,34.0,N
132.5,76.0,69.0,0.5,0.0,34.0,N
133.0,76.0,69.0,0.5,0.0,34.0,N
133.5,76.0,69.0,0.5,0.0,34.0,N
134.0,74.0,68.0,0.5,0.0,34.0,N
134.5,81.0,72.0,0.5,0.0,34.0,N
135.0,79.0,71.0,0.5,0.0,34.0,N
135.5,78.0,70.0,0.5,0.0,34.0,N
136.0,78.0,70.0,0.5,0.0,35.0,N
136.5,76.0,69.0,0.5,0.0,35.0,N
137.0,79.0,71.0,0.5,0.0,35.0,N
137.5,76.0,69.0,0.5,0.0,35.0,N
138.0,76.0,69.0,0.5,0.0,35.0,N
138.5,74.0,68.0,0.5,0.0,35.0,N
139.0,74.0,68.0,0.5,0.0,35.0,N
139.5,73.0,67.0,0.5,0.0,35.0,N
140.0,74.0,68.0,0.0,0.0,36.0,N
140.0,81.0,72.0,0.333333333,0.0,36.0,N
140.333333333,79.0,71.0,0.333333333,0.0,36.0,N
140.666666667,78.0,70.0,0.333333333,0.0,36.0,N
141.0,76.0,69.0,0.333333333,0.0,36.0,N
141.333333333,74.0,68.0,0.333333333,0.0,36.0,N
141.666666667,73.0,67.0,0.333333333,0.0,36.0,N
142.0,71.0,66.0,0.333333333,0.0,36.0,N
142.333333333,69.0,65.0,0.333333333,0.0,36.0,N
142.666666667,67.0,64.0,0.333333333,0.0,36.0,N
143.0,66.0,63.0,0.333333333,0.0,36.0,N
143.333333333,64.0,62.0,0.333333333,0.0,36.0,N
143.666666667,62.0,61.0,0.333333333,0.0,36.0,N
144.0,61.0,60.0,1.0,0.0,37.0,N
145.0,61.0,60.0,1.0,0.0,37.0,N
146.0,61.0,60.0,1.0,0.0,37.0,N
147.0,61.0,60.0,1.0,0.0,37.0,N
148.0,62.0,61.0,0.333333333,0.0,38.0,N
148.333333333,64.0,62.0,0.333333333,0.0,38.0,N
148.666666667,66.0,63.0,0.333333333,0.0,38.0,N
149.0,67.0,64.0,0.333333333,0.0,38.0,N
149.333333333,69.0,65.0,0.333333333,0.0,38.0,N
149.666666667,71.0,66.0,0.333333333,0.0,38.0,N
150.0,73.0,67.0,0.333333333,0.0,38.0,N
150.333333333,74.0,68.0,0.333333333,0.0,38.0,N
150.666666667,76.0,69.0,0.333333333,0.0,38.0,N
151.0,78.0,70.0,0.333333333,0.0,38.0,N
151.333333333,79.0,71.0,0.333333333,0.0,38.0,N
151.666666667,81.0,72.0,0.333333333,0.0,38.0,N
152.0,79.0,71.0,1.0,0.0,39.0,N
153.0,79.0,71.0,1.0,0.0,39.0,N
154.0,79.0,71.0,1.0,0.0,39.0,N
155.0,79.0,71.0,1.0,0.0,39.0,N
156.0,78.0,70.0,0.0,0.0,40.0,N
156.0,81.0,72.0,0.333333333,0.0,40.0,N
156.333333333,79.0,71.0,0.333333333,0.0,40.0,N
156.666666667,78.0,70.0,0.333333333,0.0,40.0,N
157.0,76.0,69.0,0.333333333,0.0,40.0,N
157.333333333,74.0,68.0,0.333333333,0.0,40.0,N
157.666666667,73.0,67.0,0.333333333,0.0,40.0,N
158.0,71.0,66.0,0.333333333,0.0,40.0,N
158.333333333,69.0,65.0,0.333333333,0.0,40.0,N
158.666666667,67.0,64.0,0.333333333,0.0,40.0,N
159.0,66.0,63.0,0.333333333,0.0,40.0,N
159.333333333,64.0,62.0,0.333333333,0.0,40.0,N
159.666666667,62.0,61.0,0.333333333,0.0,40.0,N
160.0,60.0,60.0,1.0,0.0,41.0,N
161.0,60.0,60.0,1.0,0.0,41.0,N
162.0,60.0,60.0,1.0,0.0,41.0,N
163.0,60.0,60.0,1.0,0.0,41.0,N
164.0,59.0,59.0,0.333333333,0.0,42.0,N
164.333333333,64.0,62.0,0.333333333,0.0,42.0,N
164.666666667,67.0,64.0,0.333333333,0.0,42.0,N
165.0,71.0,66.0,0.333333333,0.0,42.0,N
165.333333333,67.0,64.0,0.333333333,0.0,42.0,N
165.666666667,64.0,62.0,0.333333333,0.0,42.0,N
166.0,62.0,61.0,1.0,0.0,42.0,N
167.0,64.0,62.0,1.0,0.0,42.0,N
167.0,66.0,63.0,0.0,0.0,42.0,N
167.0,0.0,0.0,1.0,0.0,42.0,R
168.0,62.0,61.0,0.333333333,0.0,43.0,N
168.333333333,64.0,62.0,0.333333333,0.0,43.0,N
168.666666667,66.0,63.0,0.333333333,0.0,43.0,N
169.0,67.0,64.0,0.333333333,0.0,43.0,N
169.333333333,69.0,65.0,0.333333333,0.0,43.0,N
169.666666667,71.0,66.0,0.333333333,0.0,43.0,N
170.0,73.0,67.0,0.333333333,0.0,43.0,N
170.333333333,74.0,68.0,0.333333333,0.0,43.0,N
170.666666667,76.0,69.0,0.333333333,0.0,43.0,N
171.0,78.0,70.0,0.333333333,0.0,43.0,N
171.333333333,79.0,71.0,0.333333333,0.0,43.0,N
171.666666667,81.0,72.0,0.333333333,0.0,43.0,N
172.0,79.0,71.0,4.0,0.0,44.0,C
172.0,83.0,73.0,4.0,0.0,44.0,C
176.0,78.0,70.0,1.0,0.0,45.0,C
176.0,81.0,72.0,1.0,0.0,45.0,C
177.0,76.0,69.0,1.0,0.0,45.0,C
177.0,79.0,71.0,1.0,0.0,45.0,C
178.0,74.0,68.0,1.0,0.0,45.0,C
178.0,78.0,70.0,1.0,0.0,45.0,C
179.0,73.0,67.0,1.0,0.0,45.0,C
179.0,76.0,69.0,1.0,0.0,45.0,C
180.0,81.0,72.0,0.333333333,0.0,46.0,N
180.333333333,79.0,71.0,0.333333333,0.0,46.0,N
180.666666667,78.0,70.0,0.333333333,0.0,46.0,N
181.0,76.0,69.0,0.333333333,0.0,46.0,N
181.333333333,74.0,68.0,0.333333333,0.0,46.0,N
181.666666667,73.0,67.0,0.333333333,0.0,46.0,N
182.0,71.0,66.0,0.333333333,0.0,46.0,N
182.333333333,69.0,65.0,0.333333333,0.0,46.0,N
182.666666667,67.0,64.0,0.333333333,0.0,46.0,N
183.0,66.0,63.0,0.333333333,0.0,46.0,N
183.333333333,64.0,62.0,0.333333333,0.0,46.0,N
183.666666667,62.0,61.0,0.333333333,0.0,46.0,N
184.0,67.0,64.0,4.0,0.0,47.0,C
184.0,71.0,66.0,4.0,0.0,47.0,C
188.0,66.0,63.0,1.0,0.0,48.0,C
188.0,69.0,65.0,1.0,0.0,48.0,C
189.0,64.0,62.0,1.0,0.0,48.0,C
189.0,67.0,64.0,1.0,0.0,48.0,C
190.0,62.0,61.0,1.0,0.0,48.0,C
190.0,66.0,63.0,1.0,0.0,48.0,C
191.0,61.0,60.0,1.0,0.0,48.0,C
191.0,64.0,62.0,1.0,0.0,48.0,C
192.0,62.0,61.0,1.0,0.0,49.0,N
193.0,81.0,72.0,0.333333333,0.0,49.0,N
193.333333333,78.0,70.0,0.333333333,0.0,49.0,N
193.666666667,74.0,68.0,0.333333333,0.0,49.0,N
194.0,73.0,67.0,1.0,0.0,49.0,N
195.0,79.0,71.0,0.333333333,0.0,49.0,N
195.333333333,76.0,69.0,0.333333333,0.0,49.0,N
195.666666667,73.0,67.0,0.333333333,0.0,49.0,N
196.0,74.0,68.0,1.0,0.0,50.0,N
197.0,69.0,65.0,0.333333333,0.0,50.0,N
197.333333333,66.0,63.0,0.333333333,0.0,50.0,N
197.666666667,62.0,61.0,0.333333333,0.0,50.0,N
198.0,61.0,60.0,1.0,0.0,50.0,N
199.0,67.0,64.0,0.333333333,0.0,50.0,N
199.333333333,64.0,62.0,0.333333333,0.0,50.0,N
199.666666667,61.0,60.0,0.333333333,0.0,50.0,N
200.0,62.0,61.0,1.0,0.0,51.0,N
201.0,67.0,64.0,0.333333333,0.0,51.0,N
201.333333333,64.0,62.0,0.333333333,0.0,51.0,N
201.666666667,61.0,60.0,0.333333333,0.0,51.0,N
202.0,62.0,61.0,1.0,0.0,51.0,N
203.0,67.0,64.0,0.333333333,0.0,51.0,N
203.333333333,64.0,62.0,0.333333333,0.0,51.0,N
203.666666667,61.0,60.0,0.333333333,0.0,51.0,N
204.0,62.0,61.0,1.0,0.0,52.0,N
205.0,54.0,56.0,1.0,0.0,52.0,C
205.0,57.0,58.0,1.0,0.0,52.0,C
205.0,62.0,61.0,1.0,0.0,52.0,C
206.0,54.0,56.0,1.0,0.0,52.0,C
206.0,57.0,58.0,1.0,0.0,52.0,C
206.0,62.0,61.0,1.0,0.0,52.0,C
207.0,0.0,0.0,1.0,0.0,52.0,R
208.0,59.0,59.0,2.0,0.0,1.0,C
208.0,62.0,61.0,2.0,0.0,1.0,C
208.0,67.0,64.0,2.0,0.0,1.0,C
210.0,62.0,61.0,0.333333333,0.0,1.0,N
210.333333333,67.0,64.0,0.333333333,0.0,1.0,N
210.666666667,71.0,66.0,0.333333333,0.0,1.0,N
211.0,74.0,68.0,0.333333333,0.0,1.0,N
211.333333333,72.0,67.0,0.333333333,0.0,1.0,N
211.666666667,69.0,65.0,0.333333333,0.0,1.0,N
212.0,67.0,64.0,1.0,0.0,2.0,N
213.0,67.0,64.0,1.0,0.0,2.0,N
214.0,66.0,63.0,1.0,0.0,2.0,N
215.0,67.0,64.0,1.0,0.0,2.0,N
216.0,69.0,65.0,1.5,0.0,3.0,N
217.5,69.0,65.0,0.5,0.0,3.0,N
218.0,71.0,66.0,1.5,0.0,3.0,N
219.5,71.0,66.0,0.5,0.0,3.0,N
220.0,74.0,68.0,1.0,0.0,4.0,N
221.0,72.0,67.0,1.0,0.0,4.0,N
222.0,71.0,66.0,0.0,0.0,4.0,N
222.0,71.0,66.0,1.0,0.0,4.0,N
222.0,72.0,67.0,0.0,0.0,4.0,N
222.0,0.0,0.0,2.0,0.0,4.0,R
224.0,71.0,66.0,2.0,0.0,5.0,C
224.0,74.0,68.0,2.0,0.0,5.0,C
224.0,79.0,71.0,2.0,0.0,5.0,C
226.0,74.0,68.0,0.333333333,0.0,5.0,N
226.333333333,79.0,71.0,0.333333333,0.0,5.0,N
226.666666667,83.0,73.0,0.333333333,0.0,5.0,N
227.0,86.0,75.0,0.333333333,0.0,5.0,N
227.333333333,84.0,74.0,0.333333333,0.0,5.0,N
227.666666667,81.0,72.0,0.333333333,0.0,5.0,N
228.0,79.0,71.0,1.0,0.0,6.0,N
229.0,79.0,71.0,1.0,0.0,6.0,N
230.0,78.0,70.0,1.0,0.0,6.0,N
231.0,79.0,71.0,1.0,0.0,6.0,N
232.0,81.0,72.0,1.5,0.0,7.0,N
233.5,81.0,72.0,0.5,0.0,7.0,N
234.0,83.0,73.0,1.5,0.0,7.0,N
235.5,83.0,73.0,0.5,0.0,7.0,N
236.0,86.0,75.0,1.0,0.0,8.0,N
237.0,84.0,74.0,1.0,0.0,8.0,N
238.0,83.0,73.0,0.0,0.0,8.0,N
238.0,83.0,73.0,0.5,0.0,8.0,N
238.0,84.0,74.0,0.0,0.0,8.0,N
238.0,0.0,0.0,0.5,0.0,8.0,R
238.5,84.0,74.0,0.5,0.0,8.0,N
239.0,85.0,74.0,0.5,0.0,8.0,N
239.5,86.0,75.0,0.5,0.0,8.0,N
240.0,87.0,75.0,0.5,0.0,9.0,N
240.5,88.0,76.0,0.5,0.0,9.0,N
241.0,0.0,0.0,0.5,0.0,9.0,R
241.5,88.0,76.0,0.5,0.0,9.0,N
242.0,86.0,75.0,0.5,0.0,9.0,N
242.5,84.0,74.0,0.5,0.0,9.0,N
243.0,83.0,73.0,0.5,0.0,9.0,N
243.5,81.0,72.0,0.5,0.0,9.0,N
244.0,85.0,74.0,0.5,0.0,10.0,N
244.5,86.0,75.0,0.5,0.0,10.0,N
245.0,0.0,0.0,0.5,0.0,10.0,R
245.5,86.0,75.0,0.5,0.0,10.0,N
246.0,84.0,74.0,0.5,0.0,10.0,N
246.5,83.0,73.0,0.5,0.0,10.0,N
247.0,81.0,72.0,0.5,0.0,10.0,N
247.5,79.0,71.0,0.5,0.0,10.0,N
248.0,78.0,70.0,0.5,0.0,11.0,N
248.5,76.0,69.0,0.5,0.0,11.0,N
249.0,74.0,68.0,0.5,0.0,11.0,N
249.5,72.0,67.0,0.5,0.0,11.0,N
250.0,71.0,66.0,0.5,0.0,11.0,N
250.5,69.0,65.0,0.5,0.0,11.0,N
251.0,67.0,64.0,0.5,0.0,11.0,N
251.5,66.0,63.0,0.5,0.0,11.0,N
252.0,67.0,64.0,1.5,0.0,12.0,N
253.5,69.0,65.0,0.5,0.0,12.0,N
254.0,71.0,66.0,0.5,0.0,12.0,N
254.5,72.0,67.0,0.5,0.0,12.0,N
255.0,73.0,67.0,0.5,0.0,12.0,N
255.5,74.0,68.0,0.5,0.0,12.0,N
256.0,75.0,68.0,0.5,0.0,13.0,N
256.5,76.0,69.0,0.5,0.0,13.0,N
257.0,0.0,0.0,0.5,0.0,13.0,R
257.5,76.0,69.0,0.5,0.0,13.0,N
258.0,74.0,68.0,0.5,0.0,13.0,N
258.5,72.0,67.0,0.5,0.0,13.0,N
259.0,71.0,66.0,0.5,0.0,13.0,N
259.5,69.0,65.0,0.5,0.0,13.0,N
260.0,75.0,68.0,0.5,0.0,14.0,N
260.5,76.0,69.0,0.5,0.0,14.0,N
261.0,0.0,0.0,0.5,0.0,14.0,R
261.5,76.0,69.0,0.5,0.0,14.0,N
262.0,76.0,69.0,0.5,0.0,14.0,N
262.5,73.0,67.0,0.5,0.0,14.0,N
263.0,69.0,65.0,0.5,0.0,14.0,N
263.5,67.0,64.0,0.5,0.0,14.0,N
264.0,66.0,63.0,1.0,0.0,15.0,N
265.0,81.0,72.0,0.333333333,0.0,15.0,N
265.333333333,78.0,70.0,0.333333333,0.0,15.0,N
265.666666667,74.0,68.0,0.333333333,0.0,15.0,N
266.0,72.0,67.0,1.0,0.0,15.0,N
267.0,81.0,72.0,0.333333333,0.0,15.0,N
267.333333333,78.0,70.0,0.333333333,0.0,15.0,N
267.666666667,72.0,67.0,0.333333333,0.0,15.0,N
268.0,71.0,66.0,1.0,0.0,16.0,N
269.0,79.0,71.0,0.333333333,0.0,16.0,N
269.333333333,74.0,68.0,0.333333333,0.0,16.0,N
269.666666667,71.0,66.0,0.333333333,0.0,16.0,N
270.0,67.0,64.0,1.0,0.0,16.0,N
271.0,74.0,68.0,0.333333333,0.0,16.0,N
271.333333333,71.0,66.0,0.333333333,0.0,16.0,N
271.666666667,67.0,64.0,0.333333333,0.0,16.0,N
272.0,66.0,63.0,1.0,0.0,17.0,N
273.0,81.0,72.0,0.333333333,0.0,17.0,N
273.333333333,78.0,70.0,0.333333333,0.0,17.0,N
273.666666667,74.0,68.0,0.333333333,0.0,17.0,N
274.0,72.0,67.0,1.0,0.0,17.0,N
275.0,81.0,72.0,0.333333333,0.0,17.0,N
275.333333333,78.0,70.0,0.333333333,0.0,17.0,N
275.666666667,72.0,67.0,0.333333333,0.0,17.0,N
276.0,71.0,66.0,1.0,0.0,18.0,N
277.0,79.0,71.0,0.333333333,0.0,18.0,N
277.333333333,74.0,68.0,0.333333333,0.0,18.0,N
277.666666667,71.0,66.0,0.333333333,0.0,18.0,N
278.0,67.0,64.0,1.0,0.0,18.0,N
279.0,74.0,68.0,0.333333333,0.0,18.0,N
279.333333333,71.0,66.0,0.333333333,0.0,18.0,N
279.666666667,67.0,64.0,0.333333333,0.0,18.0,N
280.0,62.0,61.0,1.0,0.0,19.0,N
281.0,74.0,68.0,0.333333333,0.0,19.0,N
281.333333333,71.0,66.0,0.333333333,0.0,19.0,N
281.666666667,67.0,64.0,0.333333333,0.0,19.0,N
282.0,62.0,61.0,1.0,0.0,19.0,N
283.0,74.0,68.0,0.333333333,0.0,19.0,N
283.333333333,71.0,66.0,0.333333333,0.0,19.0,N
283.666666667,67.0,64.0,0.333333333,0.0,19.0,N
284.0,62.0,61.0,1.0,0.0,20.0,N
285.0,0.0,0.0,1.5,0.0,20.0,R
286.5,69.0,65.0,0.5,0.0,20.0,N
287.0,69.0,65.0,0.5,0.0,20.0,N
287.5,69.0,65.0,0.5,0.0,20.0,N
288.0,74.0,68.0,1.0,0.0,21.0,N
289.0,73.0,67.0,1.0,0.0,21.0,N
290.0,74.0,68.0,1.0,0.0,21.0,N
291.0,76.0,69.0,1.0,0.0,21.0,N
292.0,79.0,71.0,0.5,0.0,22.0,N
292.5,78.0,70.0,0.5,0.0,22.0,N
293.0,76.0,69.0,1.0,0.0,22.0,N
294.0,0.0,0.0,0.5,0.0,22.0,R
294.5,69.0,65.0,0.5,0.0,22.0,N
295.0,69.0,65.0,0.5,0.0,22.0,N
295.5,69.0,65.0,0.5,0.0,22.0,N
296.0,76.0,69.0,1.0,0.0,23.0,N
297.0,74.0,68.0,1.0,0.0,23.0,N
298.0,73.0,67.0,1.0,0.0,23.0,C
298.0,76.0,69.0,1.0,0.0,23.0,C
299.0,74.0,68.0,1.0,0.0,23.0,C
299.0,78.0,70.0,1.0,0.0,23.0,C
300.0,76.0,69.0,0.5,0.0,24.0,C
300.0,81.0,72.0,0.5,0.0,24.0,C
300.5,79.0,71.0,0.5,0.0,24.0,N
301.0,74.0,68.0,1.0,0.0,24.0,C
301.0,78.0,70.0,1.0,0.0,24.0,C
302.0,0.0,0.0,0.5,0.0,24.0,R
302.5,81.0,72.0,0.5,0.0,24.0,N
303.0,79.0,71.0,0.5,0.0,24.0,N
303.5,78.0,70.0,0.5,0.0,24.0,N
304.0,78.0,70.0,0.5,0.0,25.0,N
304.5,76.0,69.0,0.5,0.0,25.0,N
305.0,76.0,69.0,0.5,0.0,25.0,N
305.5,76.0,69.0,0.5,0.0,25.0,N
306.0,74.0,68.0,0.5,0.0,25.0,N
306.5,81.0,72.0,0.5,0.0,25.0,N
307.0,79.0,71.0,0.5,0.0,25.0,N
307.5,78.0,70.0,0.5,0.0,25.0,N
308.0,78.0,70.0,0.5,0.0,26.0,N
308.5,76.0,69.0,0.5,0.0,26.0,N
309.0,76.0,69.0,0.5,0.0,26.0,N
309.5,76.0,69.0,0.5,0.0,26.0,N
310.0,74.0,68.0,0.5,0.0,26.0,N
310.5,81.0,72.0,0.5,0.0,26.0,N
311.0,79.0,71.0,0.5,0.0,26.0,N
311.5,78.0,70.0,0.5,0.0,26.0,N
312.0,78.0,70.0,0.5,0.0,27.0,N
312.5,76.0,69.0,0.5,0.0,27.0,N
313.0,0.0,0.0,0.5,0.0,27.0,R
313.5,76.0,69.0,0.5,0.0,27.0,N
314.0,76.0,69.0,0.5,0.0,27.0,N
314.5,74.0,68.0,0.5,0.0,27.0,N
315.0,0.0,0.0,0.5,0.0,27.0,R
315.5,74.0,68.0,0.5,0.0,27.0,N
316.0,74.0,68.0,0.5,0.0,28.0,N
316.5,73.0,67.0,0.5,0.0,28.0,N
317.0,71.0,66.0,0.5,0.0,28.0,N
317.5,69.0,65.0,0.5,0.0,28.0,N
318.0,68.0,64.0,0.5,0.0,28.0,N
318.5,69.0,65.0,0.5,0.0,28.0,N
319.0,71.0,66.0,0.5,0.0,28.0,N
319.5,73.0,67.0,0.5,0.0,28.0,N
320.0,74.0,68.0,1.0,0.0,29.0,N
321.0,73.0,67.0,1.0,0.0,29.0,N
322.0,74.0,68.0,1.0,0.0,29.0,N
323.0,76.0,69.0,1.0,0.0,29.0,N
324.0,74.0,68.0,0.5,0.0,30.0,C
324.0,79.0,71.0,0.5,0.0,30.0,C
324.5,78.0,70.0,0.5,0.0,30.0,N
325.0,73.0,67.0,1.0,0.0,30.0,C
325.0,76.0,69.0,1.0,0.0,30.0,C
326.0,0.0,0.0,0.5,0.0,30.0,R
326.5,69.0,65.0,0.5,0.0,30.0,N
327.0,69.0,65.0,0.5,0.0,30.0,N
327.5,69.0,65.0,0.5,0.0,30.0,N
328.0,76.0,69.0,1.0,0.0,31.0,N
329.0,74.0,68.0,1.0,0.0,31.0,N
330.0,73.0,67.0,1.0,0.0,31.0,C
330.0,76.0,69.0,1.0,0.0,31.0,C
331.0,74.0,68.0,1.0,0.0,31.0,C
331.0,78.0,70.0,1.0,0.0,31.0,C
332.0,76.0,69.0,0.5,0.0,32.0,C
332.0,81.0,72.0,0.5,0.0,32.0,C
332.5,79.0,71.0,0.5,0.0,32.0,N
333.0,74.0,68.0,1.0,0.0,32.0,C
333.0,78.0,70.0,1.0,0.0,32.0,C
334.0,0.0,0.0,0.5,0.0,32.0,R
334.5,81.0,72.0,0.5,0.0,32.0,N
335.0,79.0,71.0,0.5,0.0,32.0,N
335.5,78.0,70.0,0.5,0.0,32.0,N
336.0,78.0,70.0,0.5,0.0,33.0,N
336.5,76.0,69.0,0.5,0.0,33.0,N
337.0,76.0,69.0,0.5,0.0,33.0,N
337.5,76.0,69.0,0.5,0.0,33.0,N
338.0,74.0,68.0,0.5,0.0,33.0,N
338.5,81.0,72.0,0.5,0.0,33.0,N
339.0,79.0,71.0,0.5,0.0,33.0,N
339.5,78.0,70.0,0.5,0.0,33.0,N
340.0,78.0,70.0,0.5,0.0,34.0,N
340.5,76.0,69.0,0.5,0.0,34.0,N
341.0,76.0,69.0,0.5,0.0,34.0,N
341.5,76.0,69.0,0.5,0.0,34.0,N
342.0,74.0,68.0,0.5,0.0,34.0,N
342.5,81.0,72.0,0.5,0.0,34.0,N
343.0,79.0,71.0,0.5,0.0,34.0,N
343.5,78.0,70.0,0.5,0.0,34.0,N
344.0,78.0,70.0,0.5,0.0,35.0,N
344.5,76.0,69.0,0.5,0.0,35.0,N
345.0,79.0,71.0,0.5,0.0,35.0,N
345.5,76.0,69.0,0.5,0.0,35.0,N
346.0,76.0,69.0,0.5,0.0,35.0,N
346.5,74.0,68.0,0.5,0.0,35.0,N
347.0,74.0,68.0,0.5,0.0,35.0,N
347.5,73.0,67.0,0.5,0.0,35.0,N
348.0,74.0,68.0,0.0,0.0,36.0,N
348.0,81.0,72.0,0.333333333,0.0,36.0,N
348.333333333,79.0,71.0,0.333333333,0.0,36.0,N
348.666666667,78.0,70.0,0.333333333,0.0,36.0,N
349.0,76.0,69.0,0.333333333,0.0,36.0,N
349.333333333,74.0,68.0,0.333333333,0.0,36.0,N
349.666666667,73.0,67.0,0.333333333,0.0,36.0,N
350.0,71.0,66.0,0.333333333,0.0,36.0,N
350.333333333,69.0,65.0,0.333333333,0.0,36.0,N
350.666666667,67.0,64.0,0.333333333,0.0,36.0,N
351.0,66.0,63.0,0.333333333,0.0,36.0,N
351.333333333,64.0,62.0,0.333333333,0.0,36.0,N
351.666666667,62.0,61.0,0.333333333,0.0,36.0,N
352.0,61.0,60.0,1.0,0.0,37.0,N
353.0,61.0,60.0,1.0,0.0,37.0,N
354.0,61.0,60.0,1.0,0.0,37.0,N
355.0,61.0,60.0,1.0,0.0,37.0,N
356.0,62.0,61.0,0.333333333,0.0,38.0,N
356.333333333,64.0,62.0,0.333333333,0.0,38.0,N
356.666666667,66.0,63.0,0.333333333,0.0,38.0,N
357.0,67.0,64.0,0.333333333,0.0,38.0,N
357.333333333,69.0,65.0,0.333333333,0.0,38.0,N
357.666666667,71.0,66.0,0.333333333,0.0,38.0,N
358.0,73.0,67.0,0.333333333,0.0,38.0,N
358.333333333,74.0,68.0,0.333333333,0.0,38.0,N
358.666666667,76.0,69.0,0.333333333,0.0,38.0,N
359.0,78.0,70.0,0.333333333,0.0,38.0,N
359.333333333,79.0,71.0,0.333333333,0.0,38.0,N
359.666666667,81.0,72.0,0.333333333,0.0,38.0,N
360.0,79.0,71.0,1.0,0.0,39.0,N
361.0,79.0,71.0,1.0,0.0,39.0,N
362.0,79.0,71.0,1.0,0.0,39.0,N
363.0,79.0,71.0,1.0,0.0,39.0,N
364.0,78.0,70.0,0.0,0.0,40.0,N
364.0,81.0,72.0,0.333333333,0.0,40.0,N
364.333333333,79.0,71.0,0.333333333,0.0,40.0,N
364.666666667,78.0,70.0,0.333333333,0.0,40.0,N
365.0,76.0,69.0,0.333333333,0.0,40.0,N
365.333333333,74.0,68.0,0.333333333,0.0,40.0,N
365.666666667,73.0,67.0,0.333333333,0.0,40.0,N
366.0,71.0,66.0,0.333333333,0.0,40.0,N
366.333333333,69.0,65.0,0.333333333,0.0,40.0,N
366.666666667,67.0,64.0,0.333333333,0.0,40.0,N
367.0,66.0,63.0,0.333333333,0.0,40.0,N
367.333333333,64.0,62.0,0.333333333,0.0,40.0,N
367.666666667,62.0,61.0,0.333333333,0.0,40.0,N
368.0,60.0,60.0,1.0,0.0,41.0,N
369.0,60.0,60.0,1.0,0.0,41.0,N
370.0,60.0,60.0,1.0,0.0,41.0,N
371.0,60.0,60.0,1.0,0.0,41.0,N
372.0,59.0,59.0,0.333333333,0.0,42.0,N
372.333333333,64.0,62.0,0.333333333,0.0,42.0,N
372.666666667,67.0,64.0,0.333333333,0.0,42.0,N
373.0,71.0,66.0,0.333333333,0.0,42.0,N
373.333333333,67.0,64.0,0.333333333,0.0,42.0,N
373.666666667,64.0,62.0,0.333333333,0.0,42.0,N
374.0,62.0,61.0,1.0,0.0,42.0,N
375.0,64.0,62.0,1.0,0.0,42.0,N
375.0,66.0,63.0,0.0,0.0,42.0,N
375.0,0.0,0.0,1.0,0.0,42.0,R
376.0,62.0,61.0,0.333333333,0.0,43.0,N
376.333333333,64.0,62.0,0.333333333,0.0,43.0,N
376.666666667,66.0,63.0,0.333333333,0.0,43.0,N
377.0,67.0,64.0,0.333333333,0.0,43.0,N
377.333333333,69.0,65.0,0.333333333,0.0,43.0,N
377.666666667,71.0,66.0,0.333333333,0.0,43.0,N
378.0,73.0,67.0,0.333333333,0.0,43.0,N
378.333333333,74.0,68.0,0.333333333,0.0,43.0,N
378.666666667,76.0,69.0,0.333333333,0.0,43.0,N
379.0,78.0,70.0,0.333333333,0.0,43.0,N
379.333333333,79.0,71.0,0.333333333,0.0,43.0,N
379.666666667,81.0,72.0,0.333333333,0.0,43.0,N
380.0,79.0,71.0,4.0,0.0,44.0,C
380.0,83.0,73.0,4.0,0.0,44.0,C
384.0,78.0,70.0,1.0,0.0,45.0,C
384.0,81.0,72.0,1.0,0.0,45.0,C
385.0,76.0,69.0,1.0,0.0,45.0,C
385.0,79.0,71.0,1.0,0.0,45.0,C
386.0,74.0,68.0,1.0,0.0,45.0,C
386.0,78.0,70.0,1.0,0.0,45.0,C
387.0,73.0,67.0,1.0,0.0,45.0,C
387.0,76.0,69.0,1.0,0.0,45.0,C
388.0,81.0,72.0,0.333333333,0.0,46.0,N
388.333333333,79.0,71.0,0.333333333,0.0,46.0,N
388.666666667,78.0,70.0,0.333333333,0.0,46.0,N
389.0,76.0,69.0,0.333333333,0.0,46.0,N
389.333333333,74.0,68.0,0.333333333,0.0,46.0,N
389.666666667,73.0,67.0,0.333333333,0.0,46.0,N
390.0,71.0,66.0,0.333333333,0.0,46.0,N
390.333333333,69.0,65.0,0.333333333,0.0,46.0,N
390.666666667,67.0,64.0,0.333333333,0.0,46.0,N
391.0,66.0,63.0,0.333333333,0.0,46.0,N
391.333333333,64.0,62.0,0.333333333,0.0,46.0,N
391.666666667,62.0,61.0,0.333333333,0.0,46.0,N
392.0,67.0,64.0,4.0,0.0,47.0,C
392.0,71.0,66.0,4.0,0.0,47.0,C
396.0,66.0,63.0,1.0,0.0,48.0,C
396.0,69.0,65.0,1.0,0.0,48.0,C
397.0,64.0,62.0,1.0,0.0,48.0,C
397.0,67.0,64.0,1.0,0.0,48.0,C
398.0,62.0,61.0,1.0,0.0,48.0,C
398.0,66.0,63.0,1.0,0.0,48.0,C
399.0,61.0,60.0,1.0,0.0,48.0,C
399.0,64.0,62.0,1.0,0.0,48.0,C
400.0,62.0,61.0,1.0,0.0,49.0,N
401.0,81.0,72.0,0.333333333,0.0,49.0,N
401.333333333,78.0,70.0,0.333333333,0.0,49.0,N
401.666666667,74.0,68.0,0.333333333,0.0,49.0,N
402.0,73.0,67.0,1.0,0.0,49.0,N
403.0,79.0,71.0,0.333333333,0.0,49.0,N
403.333333333,76.0,69.0,0.333333333,0.0,49.0,N
403.666666667,73.0,67.0,0.333333333,0.0,49.0,N
404.0,74.0,68.0,1.0,0.0,50.0,N
405.0,69.0,65.0,0.333333333,0.0,50.0,N
405.333333333,66.0,63.0,0.333333333,0.0,50.0,N
405.666666667,62.0,61.0,0.333333333,0.0,50.0,N
406.0,61.0,60.0,1.0,0.0,50.0,N
407.0,67.0,64.0,0.333333333,0.0,50.0,N
407.333333333,64.0,62.0,0.333333333,0.0,50.0,N
407.666666667,61.0,60.0,0.333333333,0.0,50.0,N
408.0,62.0,61.0,1.0,0.0,51.0,N
409.0,67.0,64.0,0.333333333,0.0,51.0,N
409.333333333,64.0,62.0,0.333333333,0.0,51.0,N
409.666666667,61.0,60.0,0.333333333,0.0,51.0,N
410.0,62.0,61.0,1.0,0.0,51.0,N
411.0,67.0,64.0,0.333333333,0.0,51.0,N
411.333333333,64.0,62.0,0.333333333,0.0,51.0,N
411.666666667,61.0,60.0,0.333333333,0.0,51.0,N
412.0,62.0,61.0,1.0,0.0,52.0,N
413.0,54.0,56.0,1.0,0.0,52.0,C
413.0,57.0,58.0,1.0,0.0,52.0,C
413.0,62.0,61.0,1.0,0.0,52.0,C
414.0,54.0,56.0,1.0,0.0,52.0,C
414.0,57.0,58.0,1.0,0.0,52.0,C
414.0,62.0,61.0,1.0,0.0,52.0,C
415.0,0.0,0.0,1.0,0.0,52.0,R
416.0,65.0,63.0,2.333333333,0.0,53.0,N
416.0,69.0,65.0,2.0,0.0,53.0,C
416.0,74.0,68.0,2.0,0.0,53.0,C
418.0,0.0,0.0,0.333333333,0.0,53.0,R
418.333333333,77.0,70.0,0.333333333,0.0,53.0,N
418.666666667,76.0,69.0,0.333333333,0.0,53.0,N
419.0,74.0,68.0,0.333333333,0.0,53.0,N
419.333333333,72.0,67.0,0.333333333,0.0,53.0,N
419.666666667,71.0,66.0,0.333333333,0.0,53.0,N
420.0,69.0,65.0,1.0,0.0,54.0,N
421.0,68.0,64.0,1.0,0.0,54.0,N
422.0,69.0,65.0,1.0,0.0,54.0,N
423.0,71.0,66.0,1.0,0.0,54.0,N
424.0,72.0,67.0,1.0,0.0,55.0,N
425.0,74.0,68.0,1.0,0.0,55.0,N
426.0,76.0,69.0,1.0,0.0,55.0,N
427.0,74.0,68.0,1.0,0.0,55.0,N
428.0,72.0,67.0,0.0,0.0,56.0,C
428.0,76.0,69.0,0.0,0.0,56.0,C
428.0,81.0,72.0,2.333333333,0.0,56.0,N
430.333333333,84.0,74.0,0.333333333,0.0,56.0,N
430.666666667,83.0,73.0,0.333333333,0.0,56.0,N
431.0,81.0,72.0,0.333333333,0.0,56.0,N
431.333333333,79.0,71.0,0.333333333,0.0,56.0,N
431.666666667,78.0,70.0,0.333333333,0.0,56.0,N
432.0,76.0,69.0,1.0,0.0,57.0,N
433.0,75.0,68.0,1.0,0.0,57.0,N
434.0,76.0,69.0,1.0,0.0,57.0,N
435.0,78.0,70.0,1.0,0.0,57.0,N
436.0,79.0,71.0,1.5,0.0,58.0,N
437.5,78.0,70.0,0.25,0.0,58.0,N
437.75,79.0,71.0,0.25,0.0,58.0,N
438.0,81.0,72.0,0.5,0.0,58.0,N
438.5,79.0,71.0,0.5,0.0,58.0,N
439.0,78.0,70.0,0.5,0.0,58.0,N
439.5,76.0,69.0,0.5,0.0,58.0,N
440.0,75.0,68.0,1.0,0.0,59.0,N
441.0,0.0,0.0,0.5,0.0,59.0,R
441.5,79.0,71.0,0.5,0.0,59.0,C
441.5,83.0,73.0,0.5,0.0,59.0,C
442.0,78.0,70.0,1.0,0.0,59.0,C
442.0,81.0,72.0,1.0,0.0,59.0,C
443.0,0.0,0.0,0.5,0.0,59.0,R
443.5,75.0,68.0,0.5,0.0,59.0,C
443.5,78.0,70.0,0.5,0.0,59.0,C
444.0,76.0,69.0,1.0,0.0,60.0,C
444.0,79.0,71.0,1.0,0.0,60.0,C
445.0,0.0,0.0,0.5,0.0,60.0,R
445.5,76.0,69.0,0.5,0.0,60.0,C
445.5,79.0,71.0,0.5,0.0,60.0,C
446.0,75.0,68.0,1.0,0.0,60.0,C
446.0,78.0,70.0,1.0,0.0,60.0,C
447.0,76.0,69.0,1.0,0.0,60.0,C
447.0,79.0,71.0,1.0,0.0,60.0,C
448.0,75.0,68.0,1.0,0.0,61.0,C
448.0,78.0,70.0,1.0,0.0,61.0,C
449.0,0.0,0.0,0.5,0.0,61.0,R
449.5,79.0,71.0,0.5,0.0,61.0,C
449.5,83.0,73.0,0.5,0.0,61.0,C
450.0,78.0,70.0,1.0,0.0,61.0,C
450.0,81.0,72.0,1.0,0.0,61.0,C
451.0,0.0,0.0,0.5,0.0,61.0,R
451.5,75.0,68.0,0.5,0.0,61.0,C
451.5,78.0,70.0,0.5,0.0,61.0,C
452.0,76.0,69.0,1.0,0.0,62.0,C
452.0,79.0,71.0,1.0,0.0,62.0,C
453.0,0.0,0.0,0.5,0.0,62.0,R
453.5,76.0,69.0,0.5,0.0,62.0,C
453.5,79.0,71.0,0.5,0.0,62.0,C
454.0,75.0,68.0,1.0,0.0,62.0,C
454.0,78.0,70.0,1.0,0.0,62.0,C
455.0,76.0,69.0,1.0,0.0,62.0,C
455.0,79.0,71.0,1.0,0.0,62.0,C
456.0,75.0,68.0,1.0,0.0,63.0,C
456.0,78.0,70.0,1.0,0.0,63.0,C
457.0,0.0,0.0,3.0,0.0,63.0,R
460.0,76.0,69.0,1.0,0.0,64.0,C
460.0,79.0,71.0,1.0,0.0,64.0,C
461.0,0.0,0.0,3.0,0.0,64.0,R
464.0,84.0,74.0,0.5,0.0,65.0,N
464.5,83.0,73.0,0.5,0.0,65.0,N
465.0,84.0,74.0,0.5,0.0,65.0,N
465.5,83.0,73.0,0.5,0.0,65.0,N
466.0,84.0,74.0,0.5,0.0,65.0,N
466.5,83.0,73.0,0.5,0.0,65.0,N
467.0,81.0,72.0,0.5,0.0,65.0,N
467.5,79.0,71.0,0.5,0.0,65.0,N
468.0,78.0,70.0,0.5,0.0,66.0,N
468.5,76.0,69.0,0.5,0.0,66.0,N
469.0,74.0,68.0,0.5,0.0,66.0,N
469.5,72.0,67.0,0.5,0.0,66.0,N
470.0,71.0,66.0,0.5,0.0,66.0,N
470.5,69.0,65.0,0.5,0.0,66.0,N
471.0,67.0,64.0,0.5,0.0,66.0,N
471.5,66.0,63.0,0.5,0.0,66.0,N
472.0,59.0,59.0,2.0,0.0,67.0,C
472.0,62.0,61.0,2.0,0.0,67.0,C
472.0,67.0,64.0,2.0,0.0,67.0,C
474.0,62.0,61.0,0.333333333,0.0,67.0,N
474.333333333,67.0,64.0,0.333333333,0.0,67.0,N
474.666666667,71.0,66.0,0.333333333,0.0,67.0,N
475.0,74.0,68.0,0.333333333,0.0,67.0,N
475.333333333,72.0,67.0,0.333333333,0.0,67.0,N
475.666666667,69.0,65.0,0.333333333,0.0,67.0,N
476.0,67.0,64.0,1.0,0.0,68.0,N
477.0,67.0,64.0,1.0,0.0,68.0,N
478.0,66.0,63.0,1.0,0.0,68.0,N
479.0,67.0,64.0,1.0,0.0,68.0,N
480.0,69.0,65.0,1.5,0.0,69.0,N
481.5,69.0,65.0,0.5,0.0,69.0,N
482.0,71.0,66.0,1.5,0.0,69.0,N
483.5,71.0,66.0,0.5,0.0,69.0,N
484.0,74.0,68.0,1.0,0.0,70.0,N
485.0,72.0,67.0,1.0,0.0,70.0,N
486.0,71.0,66.0,0.0,0.0,70.0,N
486.0,71.0,66.0,1.0,0.0,70.0,N
486.0,72.0,67.0,0.0,0.0,70.0,N
486.0,0.0,0.0,2.0,0.0,70.0,R
488.0,71.0,66.0,2.0,0.0,71.0,C
488.0,74.0,68.0,2.0,0.0,71.0,C
488.0,79.0,71.0,2.0,0.0,71.0,C
490.0,74.0,68.0,0.333333333,0.0,71.0,N
490.333333333,79.0,71.0,0.333333333,0.0,71.0,N
490.666666667,83.0,73.0,0.333333333,0.0,71.0,N
491.0,86.0,75.0,0.333333333,0.0,71.0,N
491.333333333,84.0,74.0,0.333333333,0.0,71.0,N
491.666666667,81.0,72.0,0.333333333,0.0,71.0,N
492.0,79.0,71.0,1.0,0.0,72.0,N
493.0,79.0,71.0,1.0,0.0,72.0,N
494.0,78.0,70.0,1.0,0.0,72.0,N
495.0,79.0,71.0,1.0,0.0,72.0,N
496.0,81.0,72.0,1.0,0.0,73.0,N
497.0,0.0,0.0,0.5,0.0,73.0,R
497.5,81.0,72.0,0.5,0.0,73.0,N
498.0,83.0,73.0,1.0,0.0,73.0,N
499.0,0.0,0.0,0.5,0.0,73.0,R
499.5,83.0,73.0,0.5,0.0,73.0,N
500.0,84.0,74.0,0.5,0.0,74.0,N
500.5,79.0,71.0,0.5,0.0,74.0,N
501.0,81.0,72.0,0.5,0.0,74.0,N
501.5,77.0,70.0,0.5,0.0,74.0,N
502.0,76.0,69.0,0.5,0.0,74.0,N
502.5,79.0,71.0,0.5,0.0,74.0,N
503.0,77.0,70.0,0.5,0.0,74.0,N
503.5,74.0,68.0,0.5,0.0,74.0,N
504.0,72.0,67.0,0.0,0.0,75.0,N
504.0,79.0,71.0,0.333333333,0.0,75.0,N
504.333333333,77.0,70.0,0.333333333,0.0,75.0,N
504.666666667,76.0,69.0,0.333333333,0.0,75.0,N
505.0,74.0,68.0,0.333333333,0.0,75.0,N
505.333333333,72.0,67.0,0.333333333,0.0,75.0,N
505.666666667,71.0,66.0,0.333333333,0.0,75.0,N
506.0,69.0,65.0,0.333333333,0.0,75.0,N
506.333333333,67.0,64.0,0.333333333,0.0,75.0,N
506.666666667,65.0,63.0,0.333333333,0.0,75.0,N
507.0,64.0,62.0,0.333333333,0.0,75.0,N
507.333333333,62.0,61.0,0.333333333,0.0,75.0,N
507.666666667,60.0,60.0,0.333333333,0.0,75.0,N
508.0,59.0,59.0,1.0,0.0,76.0,N
509.0,59.0,59.0,1.0,0.0,76.0,N
510.0,59.0,59.0,1.0,0.0,76.0,N
511.0,59.0,59.0,1.0,0.0,76.0,N
512.0,60.0,60.0,0.333333333,0.0,77.0,N
512.333333333,62.0,61.0,0.333333333,0.0,77.0,N
512.666666667,64.0,62.0,0.333333333,0.0,77.0,N
513.0,65.0,63.0,0.333333333,0.0,77.0,N
513.333333333,67.0,64.0,0.333333333,0.0,77.0,N
513.666666667,69.0,65.0,0.333333333,0.0,77.0,N
514.0,71.0,66.0,0.333333333,0.0,77.0,N
514.333333333,72.0,67.0,0.333333333,0.0,77.0,N
514.666666667,74.0,68.0,0.333333333,0.0,77.0,N
515.0,76.0,69.0,0.333333333,0.0,77.0,N
515.333333333,77.0,70.0,0.333333333,0.0,77.0,N
515.666666667,79.0,71.0,0.333333333,0.0,77.0,N
516.0,77.0,70.0,1.0,0.0,78.0,N
517.0,77.0,70.0,1.0,0.0,78.0,N
518.0,77.0,70.0,1.0,0.0,78.0,N
519.0,77.0,70.0,1.0,0.0,78.0,N
520.0,76.0,69.0,0.333333333,0.0,79.0,N
520.333333333,74.0,68.0,0.333333333,0.0,79.0,N
520.666666667,72.0,67.0,0.333333333,0.0,79.0,N
521.0,71.0,66.0,0.333333333,0.0,79.0,N
521.333333333,69.0,65.0,0.333333333,0.0,79.0,N
521.666666667,67.0,64.0,0.333333333,0.0,79.0,N
522.0,65.0,63.0,0.333333333,0.0,79.0,N
522.333333333,64.0,62.0,0.333333333,0.0,79.0,N
522.666666667,62.0,61.0,0.333333333,0.0,79.0,N
523.0,60.0,60.0,0.333333333,0.0,79.0,N
523.333333333,59.0,59.0,0.333333333,0.0,79.0,N
523.666666667,57.0,58.0,0.333333333,0.0,79.0,N
524.0,56.0,57.0,1.0,0.0,80.0,N
525.0,56.0,57.0,1.0,0.0,80.0,N
526.0,56.0,57.0,1.0,0.0,80.0,N
527.0,56.0,57.0,1.0,0.0,80.0,N
528.0,57.0,58.0,1.0,0.0,81.0,N
529.0,69.0,65.0,2.0,0.0,81.0,N
531.0,67.0,64.0,1.0,0.0,81.0,N
532.0,66.0,63.0,1.0,0.0,82.0,N
533.0,81.0,72.0,0.333333333,0.0,82.0,N
533.333333333,78.0,70.0,0.333333333,0.0,82.0,N
533.666666667,74.0,68.0,0.333333333,0.0,82.0,N
534.0,72.0,67.0,1.0,0.0,82.0,N
535.0,81.0,72.0,0.333333333,0.0,82.0,N
535.333333333,78.0,70.0,0.333333333,0.0,82.0,N
535.666666667,72.0,67.0,0.333333333,0.0,82.0,N
536.0,71.0,66.0,1.0,0.0,83.0,N
537.0,79.0,71.0,0.333333333,0.0,83.0,N
537.333333333,74.0,68.0,0.333333333,0.0,83.0,N
537.666666667,71.0,66.0,0.333333333,0.0,83.0,N
538.0,67.0,64.0,1.0,0.0,83.0,N
539.0,74.0,68.0,0.333333333,0.0,83.0,N
539.333333333,71.0,66.0,0.333333333,0.0,83.0,N
539.666666667,67.0,64.0,0.333333333,0.0,83.0,N
540.0,66.0,63.0,1.0,0.0,84.0,N
541.0,81.0,72.0,0.333333333,0.0,84.0,N
541.333333333,78.0,70.0,0.333333333,0.0,84.0,N
541.666666667,74.0,68.0,0.333333333,0.0,84.0,N
542.0,72.0,67.0,1.0,0.0,84.0,N
543.0,81.0,72.0,0.333333333,0.0,84.0,N
543.333333333,78.0,70.0,0.333333333,0.0,84.0,N
543.666666667,72.0,67.0,0.333333333,0.0,84.0,N
544.0,71.0,66.0,1.0,0.0,85.0,N
545.0,79.0,71.0,0.333333333,0.0,85.0,N
545.333333333,74.0,68.0,0.333333333,0.0,85.0,N
545.666666667,71.0,66.0,0.333333333,0.0,85.0,N
546.0,67.0,64.0,1.0,0.0,85.0,N
547.0,74.0,68.0,0.333333333,0.0,85.0,N
547.333333333,71.0,66.0,0.333333333,0.0,85.0,N
547.666666667,67.0,64.0,0.333333333,0.0,85.0,N
548.0,62.0,61.0,1.0,0.0,86.0,N
549.0,74.0,68.0,0.333333333,0.0,86.0,N
549.333333333,71.0,66.0,0.333333333,0.0,86.0,N
549.666666667,67.0,64.0,0.333333333,0.0,86.0,N
550.0,62.0,61.0,1.0,0.0,86.0,N
551.0,74.0,68.0,0.333333333,0.0,86.0,N
551.333333333,71.0,66.0,0.333333333,0.0,86.0,N
551.666666667,67.0,64.0,0.333333333,0.0,86.0,N
552.0,62.0,61.0,1.0,0.0,87.0,N
553.0,0.0,0.0,1.5,0.0,87.0,R
554.5,62.0,61.0,0.5,0.0,87.0,N
555.0,62.0,61.0,0.5,0.0,87.0,N
555.5,62.0,61.0,0.5,0.0,87.0,N
556.0,67.0,64.0,1.0,0.0,88.0,N
557.0,66.0,63.0,1.0,0.0,88.0,N
558.0,67.0,64.0,1.0,0.0,88.0,N
559.0,69.0,65.0,1.0,0.0,88.0,N
560.0,72.0,67.0,0.5,0.0,89.0,N
560.5,71.0,66.0,0.5,0.0,89.0,N
561.0,69.0,65.0,1.0,0.0,89.0,N
562.0,0.0,0.0,0.5,0.0,89.0,R
562.5,62.0,61.0,0.5,0.0,89.0,N
563.0,62.0,61.0,0.5,0.0,89.0,N
563.5,62.0,61.0,0.5,0.0,89.0,N
564.0,69.0,65.0,1.0,0.0,90.0,N
565.0,67.0,64.0,1.0,0.0,90.0,N
566.0,66.0,63.0,1.0,0.0,90.0,C
566.0,69.0,65.0,1.0,0.0,90.0,C
567.0,67.0,64.0,1.0,0.0,90.0,C
567.0,71.0,66.0,1.0,0.0,90.0,C
568.0,69.0,65.0,0.5,0.0,91.0,C
568.0,74.0,68.0,0.5,0.0,91.0,C
568.5,72.0,67.0,0.5,0.0,91.0,N
569.0,67.0,64.0,1.0,0.0,91.0,C
569.0,71.0,66.0,1.0,0.0,91.0,C
570.0,0.0,0.0,0.5,0.0,91.0,R
570.5,74.0,68.0,0.5,0.0,91.0,N
571.0,72.0,67.0,0.5,0.0,91.0,N
571.5,71.0,66.0,0.5,0.0,91.0,N
572.0,71.0,66.0,0.5,0.0,92.0,N
572.5,69.0,65.0,0.5,0.0,92.0,N
573.0,69.0,65.0,0.5,0.0,92.0,N
573.5,69.0,65.0,0.5,0.0,92.0,N
574.0,67.0,64.0,0.5,0.0,92.0,N
574.5,74.0,68.0,0.5,0.0,92.0,N
575.0,72.0,67.0,0.5,0.0,92.0,N
575.5,71.0,66.0,0.5,0.0,92.0,N
576.0,71.0,66.0,0.5,0.0,93.0,N
576.5,69.0,65.0,0.5,0.0,93.0,N
577.0,69.0,65.0,0.5,0.0,93.0,N
577.5,69.0,65.0,0.5,0.0,93.0,N
578.0,67.0,64.0,0.5,0.0,93.0,N
578.5,74.0,68.0,0.5,0.0,93.0,N
579.0,72.0,67.0,0.5,0.0,93.0,N
579.5,71.0,66.0,0.5,0.0,93.0,N
580.0,71.0,66.0,0.5,0.0,94.0,N
580.5,69.0,65.0,0.5,0.0,94.0,N
581.0,0.0,0.0,0.5,0.0,94.0,R
581.5,69.0,65.0,0.5,0.0,94.0,N
582.0,69.0,65.0,0.5,0.0,94.0,N
582.5,67.0,64.0,0.5,0.0,94.0,N
583.0,0.0,0.0,0.5,0.0,94.0,R
583.5,67.0,64.0,0.5,0.0,94.0,N
584.0,66.0,63.0,0.5,0.0,95.0,N
584.5,67.0,64.0,0.5,0.0,95.0,N
585.0,69.0,65.0,0.5,0.0,95.0,N
585.5,71.0,66.0,0.5,0.0,95.0,N
586.0,72.0,67.0,0.5,0.0,95.0,N
586.5,74.0,68.0,0.5,0.0,95.0,N
587.0,76.0,69.0,0.5,0.0,95.0,N
587.5,78.0,70.0,0.5,0.0,95.0,N
588.0,79.0,71.0,1.0,0.0,96.0,N
589.0,78.0,70.0,1.0,0.0,96.0,N
590.0,79.0,71.0,1.0,0.0,96.0,N
591.0,81.0,72.0,1.0,0.0,96.0,N
592.0,84.0,74.0,0.5,0.0,97.0,N
592.5,83.0,73.0,0.5,0.0,97.0,N
593.0,81.0,72.0,1.0,0.0,97.0,N
594.0,0.0,0.0,0.5,0.0,97.0,R
594.5,74.0,68.0,0.5,0.0,97.0,N
595.0,74.0,68.0,0.5,0.0,97.0,N
595.5,74.0,68.0,0.5,0.0,97.0,N
596.0,81.0,72.0,1.0,0.0,98.0,N
597.0,79.0,71.0,1.0,0.0,98.0,N
598.0,78.0,70.0,1.0,0.0,98.0,C
598.0,81.0,72.0,1.0,0.0,98.0,C
599.0,79.0,71.0,1.0,0.0,98.0,C
599.0,83.0,73.0,1.0,0.0,98.0,C
600.0,81.0,72.0,0.5,0.0,99.0,C
600.0,86.0,75.0,0.5,0.0,99.0,C
600.5,84.0,74.0,0.5,0.0,99.0,N
601.0,79.0,71.0,1.0,0.0,99.0,C
601.0,83.0,73.0,1.0,0.0,99.0,C
602.0,0.0,0.0,0.5,0.0,99.0,R
602.5,86.0,75.0,0.5,0.0,99.0,N
603.0,84.0,74.0,0.5,0.0,99.0,N
603.5,83.0,73.0,0.5,0.0,99.0,N
604.0,83.0,73.0,0.5,0.0,100.0,N
604.5,81.0,72.0,0.5,0.0,100.0,N
605.0,81.0,72.0,0.5,0.0,100.0,N
605.5,81.0,72.0,0.5,0.0,100.0,N
606.0,79.0,71.0,0.5,0.0,100.0,N
606.5,86.0,75.0,0.5,0.0,100.0,N
607.0,84.0,74.0,0.5,0.0,100.0,N
607.5,83.0,73.0,0.5,0.0,100.0,N
608.0,83.0,73.0,0.5,0.0,101.0,N
608.5,81.0,72.0,0.5,0.0,101.0,N
609.0,81.0,72.0,0.5,0.0,101.0,N
609.5,81.0,72.0,0.5,0.0,101.0,N
610.0,79.0,71.0,0.5,0.0,101.0,N
610.5,86.0,75.0,0.5,0.0,101.0,N
611.0,84.0,74.0,0.5,0.0,101.0,N
611.5,83.0,73.0,0.5,0.0,101.0,N
612.0,83.0,73.0,0.5,0.0,102.0,N
612.5,81.0,72.0,0.5,0.0,102.0,N
613.0,84.0,74.0,0.5,0.0,102.0,N
613.5,81.0,72.0,0.5,0.0,102.0,N
614.0,81.0,72.0,0.5,0.0,102.0,N
614.5,79.0,71.0,0.5,0.0,102.0,N
615.0,79.0,71.0,0.5,0.0,102.0,N
615.5,78.0,70.0,0.5,0.0,102.0,N
616.0,79.0,71.0,0.0,0.0,103.0,N
616.0,86.0,75.0,0.333333333,0.0,103.0,N
616.333333333,84.0,74.0,0.333333333,0.0,103.0,N
616.666666667,83.0,73.0,0.333333333,0.0,103.0,N
617.0,81.0,72.0,0.333333333,0.0,103.0,N
617.333333333,79.0,71.0,0.333333333,0.0,103.0,N
617.666666667,78.0,70.0,0.333333333,0.0,103.0,N
618.0,76.0,69.0,0.333333333,0.0,103.0,N
618.333333333,74.0,68.0,0.333333333,0.0,103.0,N
618.666666667,72.0,67.0,0.333333333,0.0,103.0,N
619.0,71.0,66.0,0.333333333,0.0,103.0,N
619.333333333,69.0,65.0,0.333333333,0.0,103.0,N
619.666666667,67.0,64.0,0.333333333,0.0,103.0,N
620.0,66.0,63.0,1.0,0.0,104.0,N
621.0,66.0,63.0,1.0,0.0,104.0,N
622.0,66.0,63.0,1.0,0.0,104.0,N
623.0,66.0,63.0,1.0,0.0,104.0,N
624.0,67.0,64.0,0.333333333,0.0,105.0,N
624.333333333,69.0,65.0,0.333333333,0.0,105.0,N
624.666666667,71.0,66.0,0.333333333,0.0,105.0,N
625.0,72.0,67.0,0.333333333,0.0,105.0,N
625.333333333,74.0,68.0,0.333333333,0.0,105.0,N
625.666666667,76.0,69.0,0.333333333,0.0,105.0,N
626.0,78.0,70.0,0.333333333,0.0,105.0,N
626.333333333,79.0,71.0,0.333333333,0.0,105.0,N
626.666666667,81.0,72.0,0.333333333,0.0,105.0,N
627.0,83.0,73.0,0.333333333,0.0,105.0,N
627.333333333,84.0,74.0,0.333333333,0.0,105.0,N
627.666666667,86.0,75.0,0.333333333,0.0,105.0,N
628.0,84.0,74.0,1.0,0.0,106.0,N
629.0,84.0,74.0,1.0,0.0,106.0,N
630.0,84.0,74.0,1.0,0.0,106.0,N
631.0,84.0,74.0,1.0,0.0,106.0,N
632.0,83.0,73.0,0.0,0.0,107.0,N
632.0,86.0,75.0,0.333333333,0.0,107.0,N
632.333333333,84.0,74.0,0.333333333,0.0,107.0,N
632.666666667,83.0,73.0,0.333333333,0.0,107.0,N
633.0,81.0,72.0,0.333333333,0.0,107.0,N
633.333333333,79.0,71.0,0.333333333,0.0,107.0,N
633.666666667,78.0,70.0,0.333333333,0.0,107.0,N
634.0,76.0,69.0,0.333333333,0.0,107.0,N
634.333333333,74.0,68.0,0.333333333,0.0,107.0,N
634.666666667,72.0,67.0,0.333333333,0.0,107.0,N
635.0,71.0,66.0,0.333333333,0.0,107.0,N
635.333333333,69.0,65.0,0.333333333,0.0,107.0,N
635.666666667,67.0,64.0,0.333333333,0.0,107.0,N
636.0,65.0,63.0,1.0,0.0,108.0,N
637.0,65.0,63.0,1.0,0.0,108.0,N
638.0,65.0,63.0,1.0,0.0,108.0,N
639.0,65.0,63.0,1.0,0.0,108.0,N
640.0,64.0,62.0,0.333333333,0.0,109.0,N
640.333333333,69.0,65.0,0.333333333,0.0,109.0,N
640.666666667,72.0,67.0,0.333333333,0.0,109.0,N
641.0,76.0,69.0,0.333333333,0.0,109.0,N
641.333333333,72.0,67.0,0.333333333,0.0,109.0,N
641.666666667,69.0,65.0,0.333333333,0.0,109.0,N
642.0,67.0,64.0,1.0,0.0,109.0,N
643.0,69.0,65.0,1.0,0.0,109.0,N
644.0,67.0,64.0,0.333333333,0.0,110.0,N
644.333333333,69.0,65.0,0.333333333,0.0,110.0,N
644.666666667,71.0,66.0,0.333333333,0.0,110.0,N
645.0,72.0,67.0,0.333333333,0.0,110.0,N
645.333333333,74.0,68.0,0.333333333,0.0,110.0,N
645.666666667,76.0,69.0,0.333333333,0.0,110.0,N
646.0,78.0,70.0,0.333333333,0.0,110.0,N
646.333333333,79.0,71.0,0.333333333,0.0,110.0,N
646.666666667,81.0,72.0,0.333333333,0.0,110.0,N
647.0,83.0,73.0,0.333333333,0.0,110.0,N
647.333333333,84.0,74.0,0.333333333,0.0,110.0,N
647.666666667,86.0,75.0,0.333333333,0.0,110.0,N
648.0,84.0,74.0,4.0,0.0,111.0,C
648.0,88.0,76.0,4.0,0.0,111.0,C
652.0,83.0,73.0,1.0,0.0,112.0,C
652.0,86.0,75.0,1.0,0.0,112.0,C
653.0,81.0,72.0,1.0,0.0,112.0,C
653.0,84.0,74.0,1.0,0.0,112.0,C
654.0,79.0,71.0,1.0,0.0,112.0,C
654.0,83.0,73.0,1.0,0.0,112.0,C
655.0,78.0,70.0,1.0,0.0,112.0,C
655.0,81.0,72.0,1.0,0.0,112.0,C
656.0,86.0,75.0,0.333333333,0.0,113.0,N
656.333333333,84.0,74.0,0.333333333,0.0,113.0,N
656.666666667,83.0,73.0,0.333333333,0.0,113.0,N
657.0,81.0,72.0,0.333333333,0.0,113.0,N
657.333333333,79.0,71.0,0.333333333,0.0,113.0,N
657.666666667,78.0,70.0,0.333333333,0.0,113.0,N
658.0,76.0,69.0,0.333333333,0.0,113.0,N
658.333333333,74.0,68.0,0.333333333,0.0,113.0,N
658.666666667,72.0,67.0,0.333333333,0.0,113.0,N
659.0,71.0,66.0,0.333333333,0.0,113.0,N
659.333333333,69.0,65.0,0.333333333,0.0,113.0,N
659.666666667,67.0,64.0,0.333333333,0.0,113.0,N
660.0,72.0,67.0,4.0,0.0,114.0,C
660.0,76.0,69.0,4.0,0.0,114.0,C
664.0,71.0,66.0,1.0,0.0,115.0,C
664.0,74.0,68.0,1.0,0.0,115.0,C
665.0,69.0,65.0,1.0,0.0,115.0,C
665.0,72.0,67.0,1.0,0.0,115.0,C
666.0,67.0,64.0,1.0,0.0,115.0,C
666.0,71.0,66.0,1.0,0.0,115.0,C
667.0,66.0,63.0,1.0,0.0,115.0,C
667.0,69.0,65.0,1.0,0.0,115.0,C
668.0,67.0,64.0,1.0,0.0,116.0,N
669.0,86.0,75.0,0.333333333,0.0,116.0,N
669.333333333,83.0,73.0,0.333333333,0.0,116.0,N
669.666666667,79.0,71.0,0.333333333,0.0,116.0,N
670.0,78.0,70.0,1.0,0.0,116.0,N
671.0,84.0,74.0,0.333333333,0.0,116.0,N
671.333333333,81.0,72.0,0.333333333,0.0,116.0,N
671.666666667,78.0,70.0,0.333333333,0.0,116.0,N
672.0,79.0,71.0,1.0,0.0,117.0,N
673.0,74.0,68.0,0.333333333,0.0,117.0,N
673.333333333,71.0,66.0,0.333333333,0.0,117.0,N
673.666666667,67.0,64.0,0.333333333,0.0,117.0,N
674.0,66.0,63.0,1.0,0.0,117.0,N
675.0,72.0,67.0,0.333333333,0.0,117.0,N
675.333333333,69.0,65.0,0.333333333,0.0,117.0,N
675.666666667,66.0,63.0,0.333333333,0.0,117.0,N
676.0,67.0,64.0,1.0,0.0,118.0,N
677.0,86.0,75.0,0.333333333,0.0,118.0,N
677.333333333,83.0,73.0,0.333333333,0.0,118.0,N
677.666666667,79.0,71.0,0.333333333,0.0,118.0,N
678.0,78.0,70.0,1.0,0.0,118.0,N
679.0,84.0,74.0,0.333333333,0.0,118.0,N
679.333333333,81.0,72.0,0.333333333,0.0,118.0,N
679.666666667,78.0,70.0,0.333333333,0.0,118.0,N
680.0,79.0,71.0,1.0,0.0,119.0,N
681.0,74.0,68.0,0.333333333,0.0,119.0,N
681.333333333,71.0,66.0,0.333333333,0.0,119.0,N
681.666666667,67.0,64.0,0.333333333,0.0,119.0,N
682.0,66.0,63.0,1.0,0.0,119.0,N
683.0,72.0,67.0,0.333333333,0.0,119.0,N
683.333333333,69.0,65.0,0.333333333,0.0,119.0,N
683.666666667,66.0,63.0,0.333333333,0.0,119.0,N
684.0,67.0,64.0,1.0,0.0,120.0,N
685.0,72.0,67.0,0.333333333,0.0,120.0,N
685.333333333,69.0,65.0,0.333333333,0.0,120.0,N
685.666666667,66.0,63.0,0.333333333,0.0,120.0,N
686.0,67.0,64.0,1.0,0.0,120.0,N
687.0,72.0,67.0,0.333333333,0.0,120.0,N
687.333333333,69.0,65.0,0.333333333,0.0,120.0,N
687.666666667,66.0,63.0,0.333333333,0.0,120.0,N
688.0,67.0,64.0,1.0,0.0,121.0,N
689.0,0.0,0.0,1.0,0.0,121.0,R
690.0,69.0,65.0,1.0,0.0,121.0,C
690.0,72.0,67.0,1.0,0.0,121.0,C
690.0,74.0,68.0,1.0,0.0,121.0,C
690.0,78.0,70.0,1.0,0.0,121.0,C
691.0,0.0,0.0,1.0,0.0,121.0,R
692.0,71.0,66.0,1.0,0.0,122.0,C
692.0,74.0,68.0,1.0,0.0,122.0,C
