0.0,43.0,50.0,2.0,1.0,1.0,C
0.0,55.0,57.0,2.0,1.0,1.0,C
2.0,0.0,0.0,3.0,1.0,1.0,R
5.0,59.0,59.0,1.0,1.0,2.0,N
6.0,57.0,58.0,1.0,1.0,2.0,N
7.0,55.0,57.0,1.0,1.0,2.0,N
8.0,54.0,56.0,1.0,1.0,3.0,N
9.0,50.0,54.0,1.0,1.0,3.0,N
10.0,55.0,57.0,1.0,1.0,3.0,N
11.0,53.0,56.0,1.0,1.0,3.0,N
12.0,52.0,55.0,1.0,1.0,4.0,N
13.0,54.0,56.0,1.0,1.0,4.0,N
14.0,55.0,57.0,0.5,1.0,4.0,N
14.5,55.0,57.0,0.5,1.0,4.0,N
15.0,59.0,59.0,0.5,1.0,4.0,N
15.5,62.0,61.0,0.5,1.0,4.0,N
16.0,55.0,57.0,2.0,1.0,5.0,C
16.0,67.0,64.0,2.0,1.0,5.0,C
18.0,0.0,0.0,3.0,1.0,5.0,R
21.0,71.0,66.0,0.5,1.0,6.0,N
21.5,74.0,68.0,0.5,1.0,6.0,N
22.0,69.0,65.0,0.5,1.0,6.0,N
22.5,74.0,68.0,0.5,1.0,6.0,N
23.0,67.0,64.0,0.5,1.0,6.0,N
23.5,74.0,68.0,0.5,1.0,6.0,N
24.0,66.0,63.0,0.5,1.0,7.0,N
24.5,74.0,68.0,0.5,1.0,7.0,N
25.0,62.0,61.0,0.5,1.0,7.0,N
25.5,74.0,68.0,0.5,1.0,7.0,N
26.0,67.0,64.0,0.5,1.0,7.0,N
26.5,74.0,68.0,0.5,1.0,7.0,N
27.0,65.0,63.0,0.5,1.0,7.0,N
27.5,74.0,68.0,0.5,1.0,7.0,N
28.0,64.0,62.0,0.5,1.0,8.0,N
28.5,67.0,64.0,0.5,1.0,8.0,N
29.0,66.0,63.0,0.5,1.0,8.0,N
29.5,69.0,65.0,0.5,1.0,8.0,N
30.0,67.0,64.0,1.0,1.0,8.0,N
31.0,0.0,0.0,2.0,1.0,8.0,R
33.0,60.0,60.0,1.0,1.0,9.0,C
33.0,64.0,62.0,1.0,1.0,9.0,C
33.0,69.0,65.0,1.0,1.0,9.0,C
34.0,0.0,0.0,3.0,1.0,9.0,R
37.0,59.0,59.0,1.0,1.0,10.0,C
37.0,62.0,61.0,1.0,1.0,10.0,C
37.0,67.0,64.0,1.0,1.0,10.0,C
38.0,0.0,0.0,2.0,1.0,10.0,R
40.0,60.0,60.0,1.0,1.0,11.0,N
41.0,0.0,0.0,1.0,1.0,11.0,R
42.0,62.0,61.0,1.0,1.0,11.0,N
43.0,0.0,0.0,1.0,1.0,11.0,R
44.0,55.0,57.0,1.0,1.0,12.0,N
45.0,0.0,0.0,4.0,1.0,12.0,R
49.0,48.0,53.0,1.0,1.0,13.0,C
49.0,52.0,55.0,1.0,1.0,13.0,C
49.0,57.0,58.0,1.0,1.0,13.0,C
50.0,0.0,0.0,3.0,1.0,13.0,R
53.0,49.0,53.0,1.0,1.0,14.0,C
53.0,52.0,55.0,1.0,1.0,14.0,C
53.0,57.0,58.0,1.0,1.0,14.0,C
54.0,0.0,0.0,2.0,1.0,14.0,R
56.0,50.0,54.0,0.333333333333,1.0,15.0,N
56.3333333333,54.0,56.0,0.333333333333,1.0,15.0,N
56.6666666667,57.0,58.0,0.333333333333,1.0,15.0,N
57.0,50.0,54.0,0.333333333333,1.0,15.0,N
57.3333333333,54.0,56.0,0.333333333333,1.0,15.0,N
57.6666666667,57.0,58.0,0.333333333333,1.0,15.0,N
58.0,50.0,54.0,0.333333333333,1.0,15.0,N
58.3333333333,54.0,56.0,0.333333333333,1.0,15.0,N
58.6666666667,57.0,58.0,0.333333333333,1.0,15.0,N
59.0,50.0,54.0,0.333333333333,1.0,15.0,N
59.3333333333,54.0,56.0,0.333333333333,1.0,15.0,N
59.6666666667,57.0,58.0,0.333333333333,1.0,15.0,N
60.0,50.0,54.0,0.333333333333,1.0,16.0,N
60.3333333333,55.0,57.0,0.333333333333,1.0,16.0,N
60.6666666667,59.0,59.0,0.333333333333,1.0,16.0,N
61.0,50.0,54.0,0.333333333333,1.0,16.0,N
61.3333333333,55.0,57.0,0.333333333333,1.0,16.0,N
61.6666666667,59.0,59.0,0.333333333333,1.0,16.0,N
62.0,50.0,54.0,0.333333333333,1.0,16.0,N
62.3333333333,55.0,57.0,0.333333333333,1.0,16.0,N
62.6666666667,59.0,59.0,0.333333333333,1.0,16.0,N
63.0,50.0,54.0,0.333333333333,1.0,16.0,N
63.3333333333,55.0,57.0,0.333333333333,1.0,16.0,N
63.6666666667,59.0,59.0,0.333333333333,1.0,16.0,N
64.0,50.0,54.0,0.333333333333,1.0,17.0,N
64.3333333333,54.0,56.0,0.333333333333,1.0,17.0,N
64.6666666667,57.0,58.0,0.333333333333,1.0,17.0,N
65.0,50.0,54.0,0.333333333333,1.0,17.0,N
65.3333333333,54.0,56.0,0.333333333333,1.0,17.0,N
65.6666666667,57.0,58.0,0.333333333333,1.0,17.0,N
66.0,50.0,54.0,0.333333333333,1.0,17.0,N
66.3333333333,54.0,56.0,0.333333333333,1.0,17.0,N
66.6666666667,57.0,58.0,0.333333333333,1.0,17.0,N
67.0,50.0,54.0,0.333333333333,1.0,17.0,N
67.3333333333,54.0,56.0,0.333333333333,1.0,17.0,N
67.6666666667,57.0,58.0,0.333333333333,1.0,17.0,N
68.0,50.0,54.0,0.333333333333,1.0,18.0,N
68.3333333333,55.0,57.0,0.333333333333,1.0,18.0,N
68.6666666667,59.0,59.0,0.333333333333,1.0,18.0,N
69.0,50.0,54.0,0.333333333333,1.0,18.0,N
69.3333333333,55.0,57.0,0.333333333333,1.0,18.0,N
69.6666666667,59.0,59.0,0.333333333333,1.0,18.0,N
70.0,50.0,54.0,0.333333333333,1.0,18.0,N
70.3333333333,55.0,57.0,0.333333333333,1.0,18.0,N
70.6666666667,59.0,59.0,0.333333333333,1.0,18.0,N
71.0,50.0,54.0,0.333333333333,1.0,18.0,N
71.3333333333,55.0,57.0,0.333333333333,1.0,18.0,N
71.6666666667,59.0,59.0,0.333333333333,1.0,18.0,N
72.0,50.0,54.0,0.333333333333,1.0,19.0,N
72.3333333333,54.0,56.0,0.333333333333,1.0,19.0,N
72.6666666667,57.0,58.0,0.333333333333,1.0,19.0,N
73.0,50.0,54.0,0.333333333333,1.0,19.0,N
73.3333333333,55.0,57.0,0.333333333333,1.0,19.0,N
73.6666666667,59.0,59.0,0.333333333333,1.0,19.0,N
74.0,50.0,54.0,0.333333333333,1.0,19.0,N
74.3333333333,54.0,56.0,0.333333333333,1.0,19.0,N
74.6666666667,57.0,58.0,0.333333333333,1.0,19.0,N
75.0,50.0,54.0,0.333333333333,1.0,19.0,N
75.3333333333,55.0,57.0,0.333333333333,1.0,19.0,N
75.6666666667,59.0,59.0,0.333333333333,1.0,19.0,N
76.0,50.0,54.0,1.0,1.0,20.0,C
76.0,54.0,56.0,1.0,1.0,20.0,C
77.0,0.0,0.0,3.0,1.0,20.0,R
80.0,66.0,63.0,0.5,1.0,21.0,N
80.5,69.0,65.0,0.5,1.0,21.0,N
81.0,67.0,64.0,0.5,1.0,21.0,N
81.5,69.0,65.0,0.5,1.0,21.0,N
82.0,66.0,63.0,0.5,1.0,21.0,N
82.5,69.0,65.0,0.5,1.0,21.0,N
83.0,61.0,60.0,0.5,1.0,21.0,N
83.5,69.0,65.0,0.5,1.0,21.0,N
84.0,62.0,61.0,0.5,1.0,22.0,N
84.5,69.0,65.0,0.5,1.0,22.0,N
85.0,61.0,60.0,0.5,1.0,22.0,N
85.5,69.0,65.0,0.5,1.0,22.0,N
86.0,57.0,58.0,1.0,1.0,22.0,N
87.0,0.0,0.0,1.0,1.0,22.0,R
88.0,67.0,64.0,0.5,1.0,23.0,N
88.5,69.0,65.0,0.5,1.0,23.0,N
89.0,66.0,63.0,0.5,1.0,23.0,N
89.5,69.0,65.0,0.5,1.0,23.0,N
90.0,64.0,62.0,0.5,1.0,23.0,N
90.5,69.0,65.0,0.5,1.0,23.0,N
91.0,62.0,61.0,0.5,1.0,23.0,N
91.5,69.0,65.0,0.5,1.0,23.0,N
92.0,61.0,60.0,0.5,1.0,24.0,N
92.5,69.0,65.0,0.5,1.0,24.0,N
93.0,62.0,61.0,0.5,1.0,24.0,N
93.5,69.0,65.0,0.5,1.0,24.0,N
94.0,62.0,61.0,1.0,1.0,24.0,N
95.0,0.0,0.0,1.0,1.0,24.0,R
96.0,67.0,64.0,2.0,1.0,25.0,C
96.0,71.0,66.0,2.0,1.0,25.0,C
98.0,66.0,63.0,1.0,1.0,25.0,C
98.0,69.0,65.0,1.0,1.0,25.0,C
99.0,0.0,0.0,1.0,1.0,25.0,R
100.0,67.0,64.0,2.0,1.0,26.0,C
100.0,71.0,66.0,2.0,1.0,26.0,C
102.0,66.0,63.0,1.0,1.0,26.0,C
102.0,69.0,65.0,1.0,1.0,26.0,C
103.0,0.0,0.0,2.0,1.0,26.0,R
105.0,67.0,64.0,1.0,1.0,27.0,N
106.0,0.0,0.0,1.0,1.0,27.0,R
107.0,68.0,64.0,1.0,1.0,27.0,N
108.0,69.0,65.0,1.0,1.0,28.0,N
109.0,57.0,58.0,1.0,1.0,28.0,N
110.0,0.0,0.0,2.0,1.0,28.0,R
112.0,66.0,63.0,0.5,1.0,29.0,N
112.5,69.0,65.0,0.5,1.0,29.0,N
113.0,67.0,64.0,0.5,1.0,29.0,N
113.5,69.0,65.0,0.5,1.0,29.0,N
114.0,66.0,63.0,0.5,1.0,29.0,N
114.5,69.0,65.0,0.5,1.0,29.0,N
115.0,61.0,60.0,0.5,1.0,29.0,N
115.5,69.0,65.0,0.5,1.0,29.0,N
116.0,62.0,61.0,0.5,1.0,30.0,N
116.5,69.0,65.0,0.5,1.0,30.0,N
117.0,57.0,58.0,0.5,1.0,30.0,N
117.5,69.0,65.0,0.5,1.0,30.0,N
118.0,57.0,58.0,1.0,1.0,30.0,N
119.0,0.0,0.0,1.0,1.0,30.0,R
120.0,67.0,64.0,0.5,1.0,31.0,N
120.5,69.0,65.0,0.5,1.0,31.0,N
121.0,66.0,63.0,0.5,1.0,31.0,N
121.5,69.0,65.0,0.5,1.0,31.0,N
122.0,64.0,62.0,0.5,1.0,31.0,N
122.5,69.0,65.0,0.5,1.0,31.0,N
123.0,62.0,61.0,0.5,1.0,31.0,N
123.5,69.0,65.0,0.5,1.0,31.0,N
124.0,61.0,60.0,0.5,1.0,32.0,N
124.5,69.0,65.0,0.5,1.0,32.0,N
125.0,62.0,61.0,0.5,1.0,32.0,N
125.5,69.0,65.0,0.5,1.0,32.0,N
126.0,62.0,61.0,1.0,1.0,32.0,N
127.0,0.0,0.0,1.0,1.0,32.0,R
128.0,67.0,64.0,2.0,1.0,33.0,C
128.0,71.0,66.0,2.0,1.0,33.0,C
130.0,66.0,63.0,1.0,1.0,33.0,C
130.0,69.0,65.0,1.0,1.0,33.0,C
131.0,0.0,0.0,1.0,1.0,33.0,R
132.0,67.0,64.0,2.0,1.0,34.0,C
132.0,71.0,66.0,2.0,1.0,34.0,C
134.0,66.0,63.0,1.0,1.0,34.0,C
134.0,69.0,65.0,1.0,1.0,34.0,C
135.0,0.0,0.0,2.0,1.0,34.0,R
137.0,55.0,57.0,1.0,1.0,35.0,N
138.0,57.0,58.0,1.0,1.0,35.0,N
139.0,45.0,51.0,1.0,1.0,35.0,N
140.0,50.0,54.0,1.0,1.0,36.0,N
141.0,0.0,0.0,3.0,1.0,36.0,R
144.0,52.0,55.0,0.333333333333,1.0,37.0,N
144.333333333,55.0,57.0,0.333333333333,1.0,37.0,N
144.666666667,57.0,58.0,0.333333333333,1.0,37.0,N
145.0,52.0,55.0,0.333333333333,1.0,37.0,N
145.333333333,55.0,57.0,0.333333333333,1.0,37.0,N
145.666666667,57.0,58.0,0.333333333333,1.0,37.0,N
146.0,52.0,55.0,0.333333333333,1.0,37.0,N
146.333333333,55.0,57.0,0.333333333333,1.0,37.0,N
146.666666667,57.0,58.0,0.333333333333,1.0,37.0,N
147.0,52.0,55.0,0.333333333333,1.0,37.0,N
147.333333333,55.0,57.0,0.333333333333,1.0,37.0,N
147.666666667,57.0,58.0,0.333333333333,1.0,37.0,N
148.0,50.0,54.0,1.0,1.0,38.0,C
148.0,54.0,56.0,1.0,1.0,38.0,C
149.0,0.0,0.0,3.0,1.0,38.0,R
152.0,49.0,53.0,0.333333333333,1.0,39.0,N
152.333333333,52.0,55.0,0.333333333333,1.0,39.0,N
152.666666667,57.0,58.0,0.333333333333,1.0,39.0,N
153.0,49.0,53.0,0.333333333333,1.0,39.0,N
153.333333333,52.0,55.0,0.333333333333,1.0,39.0,N
153.666666667,57.0,58.0,0.333333333333,1.0,39.0,N
154.0,49.0,53.0,0.333333333333,1.0,39.0,N
154.333333333,52.0,55.0,0.333333333333,1.0,39.0,N
154.666666667,57.0,58.0,0.333333333333,1.0,39.0,N
155.0,49.0,53.0,0.333333333333,1.0,39.0,N
155.333333333,52.0,55.0,0.333333333333,1.0,39.0,N
155.666666667,57.0,58.0,0.333333333333,1.0,39.0,N
156.0,50.0,54.0,1.0,1.0,40.0,N
157.0,0.0,0.0,3.0,1.0,40.0,R
160.0,50.0,54.0,0.333333333333,1.0,41.0,N
160.333333333,54.0,56.0,0.333333333333,1.0,41.0,N
160.666666667,57.0,58.0,0.333333333333,1.0,41.0,N
161.0,50.0,54.0,0.333333333333,1.0,41.0,N
161.333333333,54.0,56.0,0.333333333333,1.0,41.0,N
161.666666667,57.0,58.0,0.333333333333,1.0,41.0,N
162.0,50.0,54.0,0.333333333333,1.0,41.0,N
162.333333333,54.0,56.0,0.333333333333,1.0,41.0,N
162.666666667,57.0,58.0,0.333333333333,1.0,41.0,N
163.0,50.0,54.0,0.333333333333,1.0,41.0,N
163.333333333,54.0,56.0,0.333333333333,1.0,41.0,N
163.666666667,57.0,58.0,0.333333333333,1.0,41.0,N
164.0,43.0,50.0,2.0,1.0,42.0,N
165.0,55.0,57.0,1.0,1.0,42.0,N
166.0,45.0,51.0,1.0,1.0,42.0,C
166.0,54.0,56.0,1.0,1.0,42.0,C
167.0,45.0,51.0,1.0,1.0,42.0,C
167.0,55.0,57.0,1.0,1.0,42.0,C
168.0,50.0,54.0,1.0,1.0,43.0,C
168.0,54.0,56.0,1.0,1.0,43.0,C
169.0,0.0,0.0,3.333333333000013,1.0,43.0,R
172.333333333,55.0,57.0,0.333333333333,1.0,44.0,N
172.666666667,57.0,58.0,0.333333333333,1.0,44.0,N
173.0,59.0,59.0,0.333333333333,1.0,44.0,N
173.333333333,61.0,60.0,0.333333333333,1.0,44.0,N
173.666666667,62.0,61.0,0.333333333333,1.0,44.0,N
174.0,64.0,62.0,0.333333333333,1.0,44.0,N
174.333333333,66.0,63.0,0.333333333333,1.0,44.0,N
174.666666667,67.0,64.0,0.333333333333,1.0,44.0,N
175.0,69.0,65.0,0.333333333333,1.0,44.0,N
175.333333333,71.0,66.0,0.333333333333,1.0,44.0,N
175.666666667,73.0,67.0,0.333333333333,1.0,44.0,N
176.0,74.0,68.0,1.0,1.0,45.0,N
177.0,67.0,64.0,1.0,1.0,45.0,N
178.0,69.0,65.0,1.0,1.0,45.0,N
179.0,57.0,58.0,1.0,1.0,45.0,N
180.0,0.0,0.0,4.333333333000013,1.0,45.0,R
184.333333333,43.0,50.0,0.333333333333,1.0,47.0,N
184.666666667,45.0,51.0,0.333333333333,1.0,47.0,N
185.0,47.0,52.0,0.333333333333,1.0,47.0,N
185.333333333,49.0,53.0,0.333333333333,1.0,47.0,N
185.666666667,50.0,54.0,0.333333333333,1.0,47.0,N
186.0,52.0,55.0,0.333333333333,1.0,47.0,N
186.333333333,54.0,56.0,0.333333333333,1.0,47.0,N
186.666666667,55.0,57.0,0.333333333333,1.0,47.0,N
187.0,57.0,58.0,0.333333333333,1.0,47.0,N
187.333333333,59.0,59.0,0.333333333333,1.0,47.0,N
187.666666667,61.0,60.0,0.333333333333,1.0,47.0,N
188.0,62.0,61.0,1.0,1.0,48.0,N
189.0,55.0,57.0,1.0,1.0,48.0,N
190.0,57.0,58.0,1.0,1.0,48.0,N
191.0,45.0,51.0,1.0,1.0,48.0,N
192.0,50.0,54.0,0.333333333333,1.0,49.0,N
192.333333333,54.0,56.0,0.333333333333,1.0,49.0,N
192.666666667,57.0,58.0,0.333333333333,1.0,49.0,N
193.0,50.0,54.0,0.333333333333,1.0,49.0,N
193.333333333,54.0,56.0,0.333333333333,1.0,49.0,N
193.666666667,57.0,58.0,0.333333333333,1.0,49.0,N
194.0,50.0,54.0,0.333333333333,1.0,49.0,N
194.333333333,55.0,57.0,0.333333333333,1.0,49.0,N
194.666666667,57.0,58.0,0.333333333333,1.0,49.0,N
195.0,50.0,54.0,0.333333333333,1.0,49.0,N
195.333333333,55.0,57.0,0.333333333333,1.0,49.0,N
195.666666667,57.0,58.0,0.333333333333,1.0,49.0,N
196.0,50.0,54.0,0.333333333333,1.0,50.0,N
196.333333333,54.0,56.0,0.333333333333,1.0,50.0,N
196.666666667,57.0,58.0,0.333333333333,1.0,50.0,N
197.0,50.0,54.0,0.333333333333,1.0,50.0,N
197.333333333,54.0,56.0,0.333333333333,1.0,50.0,N
197.666666667,57.0,58.0,0.333333333333,1.0,50.0,N
198.0,50.0,54.0,0.333333333333,1.0,50.0,N
198.333333333,55.0,57.0,0.333333333333,1.0,50.0,N
198.666666667,57.0,58.0,0.333333333333,1.0,50.0,N
199.0,50.0,54.0,0.333333333333,1.0,50.0,N
199.333333333,55.0,57.0,0.333333333333,1.0,50.0,N
199.666666667,57.0,58.0,0.333333333333,1.0,50.0,N
200.0,50.0,54.0,0.333333333333,1.0,51.0,N
200.333333333,54.0,56.0,0.333333333333,1.0,51.0,N
200.666666667,57.0,58.0,0.333333333333,1.0,51.0,N
201.0,50.0,54.0,0.333333333333,1.0,51.0,N
201.333333333,55.0,57.0,0.333333333333,1.0,51.0,N
201.666666667,57.0,58.0,0.333333333333,1.0,51.0,N
202.0,50.0,54.0,0.333333333333,1.0,51.0,N
202.333333333,54.0,56.0,0.333333333333,1.0,51.0,N
202.666666667,57.0,58.0,0.333333333333,1.0,51.0,N
203.0,50.0,54.0,0.333333333333,1.0,51.0,N
203.333333333,55.0,57.0,0.333333333333,1.0,51.0,N
203.666666667,57.0,58.0,0.333333333333,1.0,51.0,N
204.0,50.0,54.0,1.0,1.0,52.0,C
204.0,54.0,56.0,1.0,1.0,52.0,C
205.0,38.0,47.0,1.0,1.0,52.0,C
205.0,50.0,54.0,1.0,1.0,52.0,C
206.0,38.0,47.0,1.0,1.0,52.0,C
206.0,50.0,54.0,1.0,1.0,52.0,C
207.0,0.0,0.0,1.0,1.0,52.0,R
208.0,43.0,50.0,2.0,1.0,1.0,C
208.0,55.0,57.0,2.0,1.0,1.0,C
210.0,0.0,0.0,3.0,1.0,1.0,R
213.0,59.0,59.0,1.0,1.0,2.0,N
214.0,57.0,58.0,1.0,1.0,2.0,N
215.0,55.0,57.0,1.0,1.0,2.0,N
216.0,54.0,56.0,1.0,1.0,3.0,N
217.0,50.0,54.0,1.0,1.0,3.0,N
218.0,55.0,57.0,1.0,1.0,3.0,N
219.0,53.0,56.0,1.0,1.0,3.0,N
220.0,52.0,55.0,1.0,1.0,4.0,N
221.0,54.0,56.0,1.0,1.0,4.0,N
222.0,55.0,57.0,0.5,1.0,4.0,N
222.5,55.0,57.0,0.5,1.0,4.0,N
223.0,59.0,59.0,0.5,1.0,4.0,N
223.5,62.0,61.0,0.5,1.0,4.0,N
224.0,55.0,57.0,2.0,1.0,5.0,C
224.0,67.0,64.0,2.0,1.0,5.0,C
226.0,0.0,0.0,3.0,1.0,5.0,R
229.0,71.0,66.0,0.5,1.0,6.0,N
229.5,74.0,68.0,0.5,1.0,6.0,N
230.0,69.0,65.0,0.5,1.0,6.0,N
230.5,74.0,68.0,0.5,1.0,6.0,N
231.0,67.0,64.0,0.5,1.0,6.0,N
231.5,74.0,68.0,0.5,1.0,6.0,N
232.0,66.0,63.0,0.5,1.0,7.0,N
232.5,74.0,68.0,0.5,1.0,7.0,N
233.0,62.0,61.0,0.5,1.0,7.0,N
233.5,74.0,68.0,0.5,1.0,7.0,N
234.0,67.0,64.0,0.5,1.0,7.0,N
234.5,74.0,68.0,0.5,1.0,7.0,N
235.0,65.0,63.0,0.5,1.0,7.0,N
235.5,74.0,68.0,0.5,1.0,7.0,N
236.0,64.0,62.0,0.5,1.0,8.0,N
236.5,67.0,64.0,0.5,1.0,8.0,N
237.0,66.0,63.0,0.5,1.0,8.0,N
237.5,69.0,65.0,0.5,1.0,8.0,N
238.0,67.0,64.0,1.0,1.0,8.0,N
239.0,0.0,0.0,2.0,1.0,8.0,R
241.0,60.0,60.0,1.0,1.0,9.0,C
241.0,64.0,62.0,1.0,1.0,9.0,C
241.0,69.0,65.0,1.0,1.0,9.0,C
242.0,0.0,0.0,3.0,1.0,9.0,R
245.0,59.0,59.0,1.0,1.0,10.0,C
245.0,62.0,61.0,1.0,1.0,10.0,C
245.0,67.0,64.0,1.0,1.0,10.0,C
246.0,0.0,0.0,2.0,1.0,10.0,R
248.0,60.0,60.0,1.0,1.0,11.0,N
249.0,0.0,0.0,1.0,1.0,11.0,R
250.0,62.0,61.0,1.0,1.0,11.0,N
251.0,0.0,0.0,1.0,1.0,11.0,R
252.0,55.0,57.0,1.0,1.0,12.0,N
253.0,0.0,0.0,4.0,1.0,12.0,R
257.0,48.0,53.0,1.0,1.0,13.0,C
257.0,52.0,55.0,1.0,1.0,13.0,C
257.0,57.0,58.0,1.0,1.0,13.0,C
258.0,0.0,0.0,3.0,1.0,13.0,R
261.0,49.0,53.0,1.0,1.0,14.0,C
261.0,52.0,55.0,1.0,1.0,14.0,C
261.0,57.0,58.0,1.0,1.0,14.0,C
262.0,0.0,0.0,2.0,1.0,14.0,R
264.0,50.0,54.0,0.333333333333,1.0,15.0,N
264.333333333,54.0,56.0,0.333333333333,1.0,15.0,N
264.666666667,57.0,58.0,0.333333333333,1.0,15.0,N
265.0,50.0,54.0,0.333333333333,1.0,15.0,N
265.333333333,54.0,56.0,0.333333333333,1.0,15.0,N
265.666666667,57.0,58.0,0.333333333333,1.0,15.0,N
266.0,50.0,54.0,0.333333333333,1.0,15.0,N
266.333333333,54.0,56.0,0.333333333333,1.0,15.0,N
266.666666667,57.0,58.0,0.333333333333,1.0,15.0,N
267.0,50.0,54.0,0.333333333333,1.0,15.0,N
267.333333333,54.0,56.0,0.333333333333,1.0,15.0,N
267.666666667,57.0,58.0,0.333333333333,1.0,15.0,N
268.0,50.0,54.0,0.333333333333,1.0,16.0,N
268.333333333,55.0,57.0,0.333333333333,1.0,16.0,N
268.666666667,59.0,59.0,0.333333333333,1.0,16.0,N
269.0,50.0,54.0,0.333333333333,1.0,16.0,N
269.333333333,55.0,57.0,0.333333333333,1.0,16.0,N
269.666666667,59.0,59.0,0.333333333333,1.0,16.0,N
270.0,50.0,54.0,0.333333333333,1.0,16.0,N
270.333333333,55.0,57.0,0.333333333333,1.0,16.0,N
270.666666667,59.0,59.0,0.333333333333,1.0,16.0,N
271.0,50.0,54.0,0.333333333333,1.0,16.0,N
271.333333333,55.0,57.0,0.333333333333,1.0,16.0,N
271.666666667,59.0,59.0,0.333333333333,1.0,16.0,N
272.0,50.0,54.0,0.333333333333,1.0,17.0,N
272.333333333,54.0,56.0,0.333333333333,1.0,17.0,N
272.666666667,57.0,58.0,0.333333333333,1.0,17.0,N
273.0,50.0,54.0,0.333333333333,1.0,17.0,N
273.333333333,54.0,56.0,0.333333333333,1.0,17.0,N
273.666666667,57.0,58.0,0.333333333333,1.0,17.0,N
274.0,50.0,54.0,0.333333333333,1.0,17.0,N
274.333333333,54.0,56.0,0.333333333333,1.0,17.0,N
274.666666667,57.0,58.0,0.333333333333,1.0,17.0,N
275.0,50.0,54.0,0.333333333333,1.0,17.0,N
275.333333333,54.0,56.0,0.333333333333,1.0,17.0,N
275.666666667,57.0,58.0,0.333333333333,1.0,17.0,N
276.0,50.0,54.0,0.333333333333,1.0,18.0,N
276.333333333,55.0,57.0,0.333333333333,1.0,18.0,N
276.666666667,59.0,59.0,0.333333333333,1.0,18.0,N
277.0,50.0,54.0,0.333333333333,1.0,18.0,N
277.333333333,55.0,57.0,0.333333333333,1.0,18.0,N
277.666666667,59.0,59.0,0.333333333333,1.0,18.0,N
278.0,50.0,54.0,0.333333333333,1.0,18.0,N
278.333333333,55.0,57.0,0.333333333333,1.0,18.0,N
278.666666667,59.0,59.0,0.333333333333,1.0,18.0,N
279.0,50.0,54.0,0.333333333333,1.0,18.0,N
279.333333333,55.0,57.0,0.333333333333,1.0,18.0,N
279.666666667,59.0,59.0,0.333333333333,1.0,18.0,N
280.0,50.0,54.0,0.333333333333,1.0,19.0,N
280.333333333,54.0,56.0,0.333333333333,1.0,19.0,N
280.666666667,57.0,58.0,0.333333333333,1.0,19.0,N
281.0,50.0,54.0,0.333333333333,1.0,19.0,N
281.333333333,55.0,57.0,0.333333333333,1.0,19.0,N
281.666666667,59.0,59.0,0.333333333333,1.0,19.0,N
282.0,50.0,54.0,0.333333333333,1.0,19.0,N
282.333333333,54.0,56.0,0.333333333333,1.0,19.0,N
282.666666667,57.0,58.0,0.333333333333,1.0,19.0,N
283.0,50.0,54.0,0.333333333333,1.0,19.0,N
283.333333333,55.0,57.0,0.333333333333,1.0,19.0,N
283.666666667,59.0,59.0,0.333333333333,1.0,19.0,N
284.0,50.0,54.0,1.0,1.0,20.0,C
284.0,54.0,56.0,1.0,1.0,20.0,C
285.0,0.0,0.0,3.0,1.0,20.0,R
288.0,66.0,63.0,0.5,1.0,21.0,N
288.5,69.0,65.0,0.5,1.0,21.0,N
289.0,67.0,64.0,0.5,1.0,21.0,N
289.5,69.0,65.0,0.5,1.0,21.0,N
290.0,66.0,63.0,0.5,1.0,21.0,N
290.5,69.0,65.0,0.5,1.0,21.0,N
291.0,61.0,60.0,0.5,1.0,21.0,N
291.5,69.0,65.0,0.5,1.0,21.0,N
292.0,62.0,61.0,0.5,1.0,22.0,N
292.5,69.0,65.0,0.5,1.0,22.0,N
293.0,61.0,60.0,0.5,1.0,22.0,N
293.5,69.0,65.0,0.5,1.0,22.0,N
294.0,57.0,58.0,1.0,1.0,22.0,N
295.0,0.0,0.0,1.0,1.0,22.0,R
296.0,67.0,64.0,0.5,1.0,23.0,N
296.5,69.0,65.0,0.5,1.0,23.0,N
297.0,66.0,63.0,0.5,1.0,23.0,N
297.5,69.0,65.0,0.5,1.0,23.0,N
298.0,64.0,62.0,0.5,1.0,23.0,N
298.5,69.0,65.0,0.5,1.0,23.0,N
299.0,62.0,61.0,0.5,1.0,23.0,N
299.5,69.0,65.0,0.5,1.0,23.0,N
300.0,61.0,60.0,0.5,1.0,24.0,N
300.5,69.0,65.0,0.5,1.0,24.0,N
301.0,62.0,61.0,0.5,1.0,24.0,N
301.5,69.0,65.0,0.5,1.0,24.0,N
302.0,62.0,61.0,1.0,1.0,24.0,N
303.0,0.0,0.0,1.0,1.0,24.0,R
304.0,67.0,64.0,2.0,1.0,25.0,C
304.0,71.0,66.0,2.0,1.0,25.0,C
306.0,66.0,63.0,1.0,1.0,25.0,C
306.0,69.0,65.0,1.0,1.0,25.0,C
307.0,0.0,0.0,1.0,1.0,25.0,R
308.0,67.0,64.0,2.0,1.0,26.0,C
308.0,71.0,66.0,2.0,1.0,26.0,C
310.0,66.0,63.0,1.0,1.0,26.0,C
310.0,69.0,65.0,1.0,1.0,26.0,C
311.0,0.0,0.0,2.0,1.0,26.0,R
313.0,67.0,64.0,1.0,1.0,27.0,N
314.0,0.0,0.0,1.0,1.0,27.0,R
315.0,68.0,64.0,1.0,1.0,27.0,N
316.0,69.0,65.0,1.0,1.0,28.0,N
317.0,57.0,58.0,1.0,1.0,28.0,N
318.0,0.0,0.0,2.0,1.0,28.0,R
320.0,66.0,63.0,0.5,1.0,29.0,N
320.5,69.0,65.0,0.5,1.0,29.0,N
321.0,67.0,64.0,0.5,1.0,29.0,N
321.5,69.0,65.0,0.5,1.0,29.0,N
322.0,66.0,63.0,0.5,1.0,29.0,N
322.5,69.0,65.0,0.5,1.0,29.0,N
323.0,61.0,60.0,0.5,1.0,29.0,N
323.5,69.0,65.0,0.5,1.0,29.0,N
324.0,62.0,61.0,0.5,1.0,30.0,N
324.5,69.0,65.0,0.5,1.0,30.0,N
325.0,57.0,58.0,0.5,1.0,30.0,N
325.5,69.0,65.0,0.5,1.0,30.0,N
326.0,57.0,58.0,1.0,1.0,30.0,N
327.0,0.0,0.0,1.0,1.0,30.0,R
328.0,67.0,64.0,0.5,1.0,31.0,N
328.5,69.0,65.0,0.5,1.0,31.0,N
329.0,66.0,63.0,0.5,1.0,31.0,N
329.5,69.0,65.0,0.5,1.0,31.0,N
330.0,64.0,62.0,0.5,1.0,31.0,N
330.5,69.0,65.0,0.5,1.0,31.0,N
331.0,62.0,61.0,0.5,1.0,31.0,N
331.5,69.0,65.0,0.5,1.0,31.0,N
332.0,61.0,60.0,0.5,1.0,32.0,N
332.5,69.0,65.0,0.5,1.0,32.0,N
333.0,62.0,61.0,0.5,1.0,32.0,N
333.5,69.0,65.0,0.5,1.0,32.0,N
334.0,62.0,61.0,1.0,1.0,32.0,N
335.0,0.0,0.0,1.0,1.0,32.0,R
336.0,67.0,64.0,2.0,1.0,33.0,C
336.0,71.0,66.0,2.0,1.0,33.0,C
338.0,66.0,63.0,1.0,1.0,33.0,C
338.0,69.0,65.0,1.0,1.0,33.0,C
339.0,0.0,0.0,1.0,1.0,33.0,R
340.0,67.0,64.0,2.0,1.0,34.0,C
340.0,71.0,66.0,2.0,1.0,34.0,C
342.0,66.0,63.0,1.0,1.0,34.0,C
342.0,69.0,65.0,1.0,1.0,34.0,C
343.0,0.0,0.0,2.0,1.0,34.0,R
345.0,55.0,57.0,1.0,1.0,35.0,N
346.0,57.0,58.0,1.0,1.0,35.0,N
347.0,45.0,51.0,1.0,1.0,35.0,N
348.0,50.0,54.0,1.0,1.0,36.0,N
349.0,0.0,0.0,3.0,1.0,36.0,R
352.0,52.0,55.0,0.333333333333,1.0,37.0,N
352.333333333,55.0,57.0,0.333333333333,1.0,37.0,N
352.666666667,57.0,58.0,0.333333333333,1.0,37.0,N
353.0,52.0,55.0,0.333333333333,1.0,37.0,N
353.333333333,55.0,57.0,0.333333333333,1.0,37.0,N
353.666666667,57.0,58.0,0.333333333333,1.0,37.0,N
354.0,52.0,55.0,0.333333333333,1.0,37.0,N
354.333333333,55.0,57.0,0.333333333333,1.0,37.0,N
354.666666667,57.0,58.0,0.333333333333,1.0,37.0,N
355.0,52.0,55.0,0.333333333333,1.0,37.0,N
355.333333333,55.0,57.0,0.333333333333,1.0,37.0,N
355.666666667,57.0,58.0,0.333333333333,1.0,37.0,N
356.0,50.0,54.0,1.0,1.0,38.0,C
356.0,54.0,56.0,1.0,1.0,38.0,C
357.0,0.0,0.0,3.0,1.0,38.0,R
360.0,49.0,53.0,0.333333333333,1.0,39.0,N
360.333333333,52.0,55.0,0.333333333333,1.0,39.0,N
360.666666667,57.0,58.0,0.333333333333,1.0,39.0,N
361.0,49.0,53.0,0.333333333333,1.0,39.0,N
361.333333333,52.0,55.0,0.333333333333,1.0,39.0,N
361.666666667,57.0,58.0,0.333333333333,1.0,39.0,N
362.0,49.0,53.0,0.333333333333,1.0,39.0,N
362.333333333,52.0,55.0,0.333333333333,1.0,39.0,N
362.666666667,57.0,58.0,0.333333333333,1.0,39.0,N
363.0,49.0,53.0,0.333333333333,1.0,39.0,N
363.333333333,52.0,55.0,0.333333333333,1.0,39.0,N
363.666666667,57.0,58.0,0.333333333333,1.0,39.0,N
364.0,50.0,54.0,1.0,1.0,40.0,N
365.0,0.0,0.0,3.0,1.0,40.0,R
368.0,50.0,54.0,0.333333333333,1.0,41.0,N
368.333333333,54.0,56.0,0.333333333333,1.0,41.0,N
368.666666667,57.0,58.0,0.333333333333,1.0,41.0,N
369.0,50.0,54.0,0.333333333333,1.0,41.0,N
369.333333333,54.0,56.0,0.333333333333,1.0,41.0,N
369.666666667,57.0,58.0,0.333333333333,1.0,41.0,N
370.0,50.0,54.0,0.333333333333,1.0,41.0,N
370.333333333,54.0,56.0,0.333333333333,1.0,41.0,N
370.666666667,57.0,58.0,0.333333333333,1.0,41.0,N
371.0,50.0,54.0,0.333333333333,1.0,41.0,N
371.333333333,54.0,56.0,0.333333333333,1.0,41.0,N
371.666666667,57.0,58.0,0.333333333333,1.0,41.0,N
372.0,43.0,50.0,2.0,1.0,42.0,N
373.0,55.0,57.0,1.0,1.0,42.0,N
374.0,45.0,51.0,1.0,1.0,42.0,C
374.0,54.0,56.0,1.0,1.0,42.0,C
375.0,45.0,51.0,1.0,1.0,42.0,C
375.0,55.0,57.0,1.0,1.0,42.0,C
376.0,50.0,54.0,1.0,1.0,43.0,C
376.0,54.0,56.0,1.0,1.0,43.0,C
377.0,0.0,0.0,3.3333333329999846,1.0,43.0,R
380.333333333,55.0,57.0,0.333333333333,1.0,44.0,N
380.666666667,57.0,58.0,0.333333333333,1.0,44.0,N
381.0,59.0,59.0,0.333333333333,1.0,44.0,N
381.333333333,61.0,60.0,0.333333333333,1.0,44.0,N
381.666666667,62.0,61.0,0.333333333333,1.0,44.0,N
382.0,64.0,62.0,0.333333333333,1.0,44.0,N
382.333333333,66.0,63.0,0.333333333333,1.0,44.0,N
382.666666667,67.0,64.0,0.333333333333,1.0,44.0,N
383.0,69.0,65.0,0.333333333333,1.0,44.0,N
383.333333333,71.0,66.0,0.333333333333,1.0,44.0,N
383.666666667,73.0,67.0,0.333333333333,1.0,44.0,N
384.0,74.0,68.0,1.0,1.0,45.0,N
385.0,67.0,64.0,1.0,1.0,45.0,N
386.0,69.0,65.0,1.0,1.0,45.0,N
387.0,57.0,58.0,1.0,1.0,45.0,N
388.0,0.0,0.0,4.333333332999985,1.0,45.0,R
392.333333333,43.0,50.0,0.333333333333,1.0,47.0,N
392.666666667,45.0,51.0,0.333333333333,1.0,47.0,N
393.0,47.0,52.0,0.333333333333,1.0,47.0,N
393.333333333,49.0,53.0,0.333333333333,1.0,47.0,N
393.666666667,50.0,54.0,0.333333333333,1.0,47.0,N
394.0,52.0,55.0,0.333333333333,1.0,47.0,N
394.333333333,54.0,56.0,0.333333333333,1.0,47.0,N
394.666666667,55.0,57.0,0.333333333333,1.0,47.0,N
395.0,57.0,58.0,0.333333333333,1.0,47.0,N
395.333333333,59.0,59.0,0.333333333333,1.0,47.0,N
395.666666667,61.0,60.0,0.333333333333,1.0,47.0,N
396.0,62.0,61.0,1.0,1.0,48.0,N
397.0,55.0,57.0,1.0,1.0,48.0,N
398.0,57.0,58.0,1.0,1.0,48.0,N
399.0,45.0,51.0,1.0,1.0,48.0,N
400.0,50.0,54.0,0.333333333333,1.0,49.0,N
400.333333333,54.0,56.0,0.333333333333,1.0,49.0,N
400.666666667,57.0,58.0,0.333333333333,1.0,49.0,N
401.0,50.0,54.0,0.333333333333,1.0,49.0,N
401.333333333,54.0,56.0,0.333333333333,1.0,49.0,N
401.666666667,57.0,58.0,0.333333333333,1.0,49.0,N
402.0,50.0,54.0,0.333333333333,1.0,49.0,N
402.333333333,55.0,57.0,0.333333333333,1.0,49.0,N
402.666666667,57.0,58.0,0.333333333333,1.0,49.0,N
403.0,50.0,54.0,0.333333333333,1.0,49.0,N
403.333333333,55.0,57.0,0.333333333333,1.0,49.0,N
403.666666667,57.0,58.0,0.333333333333,1.0,49.0,N
404.0,50.0,54.0,0.333333333333,1.0,50.0,N
404.333333333,54.0,56.0,0.333333333333,1.0,50.0,N
404.666666667,57.0,58.0,0.333333333333,1.0,50.0,N
405.0,50.0,54.0,0.333333333333,1.0,50.0,N
405.333333333,54.0,56.0,0.333333333333,1.0,50.0,N
405.666666667,57.0,58.0,0.333333333333,1.0,50.0,N
406.0,50.0,54.0,0.333333333333,1.0,50.0,N
406.333333333,55.0,57.0,0.333333333333,1.0,50.0,N
406.666666667,57.0,58.0,0.333333333333,1.0,50.0,N
407.0,50.0,54.0,0.333333333333,1.0,50.0,N
407.333333333,55.0,57.0,0.333333333333,1.0,50.0,N
407.666666667,57.0,58.0,0.333333333333,1.0,50.0,N
408.0,50.0,54.0,0.333333333333,1.0,51.0,N
408.333333333,54.0,56.0,0.333333333333,1.0,51.0,N
408.666666667,57.0,58.0,0.333333333333,1.0,51.0,N
409.0,50.0,54.0,0.333333333333,1.0,51.0,N
409.333333333,55.0,57.0,0.333333333333,1.0,51.0,N
409.666666667,57.0,58.0,0.333333333333,1.0,51.0,N
410.0,50.0,54.0,0.333333333333,1.0,51.0,N
410.333333333,54.0,56.0,0.333333333333,1.0,51.0,N
410.666666667,57.0,58.0,0.333333333333,1.0,51.0,N
411.0,50.0,54.0,0.333333333333,1.0,51.0,N
411.333333333,55.0,57.0,0.333333333333,1.0,51.0,N
411.666666667,57.0,58.0,0.333333333333,1.0,51.0,N
412.0,50.0,54.0,1.0,1.0,52.0,C
412.0,54.0,56.0,1.0,1.0,52.0,C
413.0,38.0,47.0,1.0,1.0,52.0,C
413.0,50.0,54.0,1.0,1.0,52.0,C
414.0,38.0,47.0,1.0,1.0,52.0,C
414.0,50.0,54.0,1.0,1.0,52.0,C
415.0,0.0,0.0,1.0,1.0,52.0,R
416.0,50.0,54.0,2.0,1.0,53.0,C
416.0,62.0,61.0,2.0,1.0,53.0,C
418.0,0.0,0.0,2.5,1.0,53.0,R
420.5,64.0,62.0,0.5,1.0,54.0,N
421.0,62.0,61.0,0.5,1.0,54.0,N
421.5,64.0,62.0,0.5,1.0,54.0,N
422.0,60.0,60.0,0.5,1.0,54.0,N
422.5,64.0,62.0,0.5,1.0,54.0,N
423.0,56.0,57.0,0.5,1.0,54.0,N
423.5,64.0,62.0,0.5,1.0,54.0,N
424.0,57.0,58.0,0.5,1.0,55.0,N
424.5,64.0,62.0,0.5,1.0,55.0,N
425.0,59.0,59.0,0.5,1.0,55.0,N
425.5,64.0,62.0,0.5,1.0,55.0,N
426.0,60.0,60.0,0.5,1.0,55.0,N
426.5,64.0,62.0,0.5,1.0,55.0,N
427.0,59.0,59.0,0.5,1.0,55.0,N
427.5,64.0,62.0,0.5,1.0,55.0,N
428.0,57.0,58.0,0.333333333333,1.0,56.0,N
428.333333333,60.0,60.0,0.333333333333,1.0,56.0,N
428.666666667,64.0,62.0,0.333333333333,1.0,56.0,N
429.0,69.0,65.0,0.333333333333,1.0,56.0,N
429.333333333,64.0,62.0,0.333333333333,1.0,56.0,N
429.666666667,60.0,60.0,0.333333333333,1.0,56.0,N
430.0,57.0,58.0,1.0,1.0,56.0,N
431.0,0.0,0.0,1.5,1.0,56.0,R
432.5,71.0,66.0,0.5,1.0,57.0,N
433.0,69.0,65.0,0.5,1.0,57.0,N
433.5,71.0,66.0,0.5,1.0,57.0,N
434.0,67.0,64.0,0.5,1.0,57.0,N
434.5,71.0,66.0,0.5,1.0,57.0,N
435.0,63.0,61.0,0.5,1.0,57.0,N
435.5,71.0,66.0,0.5,1.0,57.0,N
436.0,64.0,62.0,0.5,1.0,58.0,N
436.5,71.0,66.0,0.5,1.0,58.0,N
437.0,64.0,62.0,0.5,1.0,58.0,N
437.5,71.0,66.0,0.5,1.0,58.0,N
438.0,60.0,60.0,0.5,1.0,58.0,N
438.5,70.0,65.0,0.5,1.0,58.0,N
439.0,60.0,60.0,0.5,1.0,58.0,N
439.5,70.0,65.0,0.5,1.0,58.0,N
440.0,59.0,59.0,0.5,1.0,59.0,N
440.5,71.0,66.0,0.5,1.0,59.0,N
441.0,71.0,66.0,0.5,1.0,59.0,N
441.5,71.0,66.0,0.5,1.0,59.0,N
442.0,71.0,66.0,0.5,1.0,59.0,N
442.5,71.0,66.0,0.5,1.0,59.0,N
443.0,71.0,66.0,0.5,1.0,59.0,N
443.5,71.0,66.0,0.5,1.0,59.0,N
444.0,71.0,66.0,0.5,1.0,60.0,N
444.5,71.0,66.0,0.5,1.0,60.0,N
445.0,71.0,66.0,0.5,1.0,60.0,N
445.5,71.0,66.0,0.5,1.0,60.0,N
446.0,71.0,66.0,0.5,1.0,60.0,N
446.5,71.0,66.0,0.5,1.0,60.0,N
447.0,71.0,66.0,0.5,1.0,60.0,N
447.5,71.0,66.0,0.5,1.0,60.0,N
448.0,59.0,59.0,0.5,1.0,61.0,N
448.5,71.0,66.0,0.5,1.0,61.0,N
449.0,71.0,66.0,0.5,1.0,61.0,N
449.5,71.0,66.0,0.5,1.0,61.0,N
450.0,71.0,66.0,0.5,1.0,61.0,N
450.5,71.0,66.0,0.5,1.0,61.0,N
451.0,71.0,66.0,0.5,1.0,61.0,N
451.5,71.0,66.0,0.5,1.0,61.0,N
452.0,71.0,66.0,0.5,1.0,62.0,N
452.5,71.0,66.0,0.5,1.0,62.0,N
453.0,71.0,66.0,0.5,1.0,62.0,N
453.5,71.0,66.0,0.5,1.0,62.0,N
454.0,71.0,66.0,0.5,1.0,62.0,N
454.5,71.0,66.0,0.5,1.0,62.0,N
455.0,71.0,66.0,0.5,1.0,62.0,N
455.5,71.0,66.0,0.5,1.0,62.0,N
456.0,71.0,66.0,0.5,1.0,63.0,N
456.5,70.0,65.0,0.5,1.0,63.0,N
457.0,71.0,66.0,0.5,1.0,63.0,N
457.5,70.0,65.0,0.5,1.0,63.0,N
458.0,71.0,66.0,0.5,1.0,63.0,N
458.5,69.0,65.0,0.5,1.0,63.0,N
459.0,67.0,64.0,0.5,1.0,63.0,N
459.5,66.0,63.0,0.5,1.0,63.0,N
460.0,64.0,62.0,0.5,1.0,64.0,N
460.5,63.0,61.0,0.5,1.0,64.0,N
461.0,64.0,62.0,0.5,1.0,64.0,N
461.5,63.0,61.0,0.5,1.0,64.0,N
462.0,64.0,62.0,0.5,1.0,64.0,N
462.5,62.0,61.0,0.5,1.0,64.0,N
463.0,60.0,60.0,0.5,1.0,64.0,N
463.5,59.0,59.0,0.5,1.0,64.0,N
464.0,57.0,58.0,0.5,1.0,65.0,N
464.5,56.0,57.0,0.5,1.0,65.0,N
465.0,57.0,58.0,0.5,1.0,65.0,N
465.5,56.0,57.0,0.5,1.0,65.0,N
466.0,57.0,58.0,0.5,1.0,65.0,N
466.5,55.0,57.0,0.5,1.0,65.0,N
467.0,54.0,56.0,0.5,1.0,65.0,N
467.5,52.0,55.0,0.5,1.0,65.0,N
468.0,50.0,54.0,4.0,1.0,66.0,N
470.0,60.0,60.0,2.0,1.0,66.0,N
472.0,43.0,50.0,2.0,1.0,67.0,C
472.0,55.0,57.0,2.0,1.0,67.0,C
474.0,0.0,0.0,3.0,1.0,67.0,R
477.0,59.0,59.0,1.0,1.0,68.0,N
478.0,57.0,58.0,1.0,1.0,68.0,N
479.0,55.0,57.0,1.0,1.0,68.0,N
480.0,54.0,56.0,1.0,1.0,69.0,N
481.0,50.0,54.0,1.0,1.0,69.0,N
482.0,55.0,57.0,1.0,1.0,69.0,N
483.0,53.0,56.0,1.0,1.0,69.0,N
484.0,52.0,55.0,1.0,1.0,70.0,N
485.0,54.0,56.0,1.0,1.0,70.0,N
486.0,55.0,57.0,0.5,1.0,70.0,N
486.5,55.0,57.0,0.5,1.0,70.0,N
487.0,59.0,59.0,0.5,1.0,70.0,N
487.5,62.0,61.0,0.5,1.0,70.0,N
488.0,55.0,57.0,2.0,1.0,71.0,C
488.0,67.0,64.0,2.0,1.0,71.0,C
490.0,0.0,0.0,2.5,1.0,71.0,R
492.5,74.0,68.0,0.5,1.0,72.0,N
493.0,71.0,66.0,0.5,1.0,72.0,N
493.5,74.0,68.0,0.5,1.0,72.0,N
494.0,69.0,65.0,0.5,1.0,72.0,N
494.5,74.0,68.0,0.5,1.0,72.0,N
495.0,67.0,64.0,0.5,1.0,72.0,N
495.5,74.0,68.0,0.5,1.0,72.0,N
496.0,66.0,63.0,0.5,1.0,73.0,N
496.5,74.0,68.0,0.5,1.0,73.0,N
497.0,62.0,61.0,0.5,1.0,73.0,N
497.5,74.0,68.0,0.5,1.0,73.0,N
498.0,67.0,64.0,0.5,1.0,73.0,N
498.5,74.0,68.0,0.5,1.0,73.0,N
499.0,65.0,63.0,0.5,1.0,73.0,N
499.5,74.0,68.0,0.5,1.0,73.0,N
500.0,64.0,62.0,1.0,1.0,74.0,N
501.0,65.0,63.0,1.0,1.0,74.0,N
502.0,67.0,64.0,1.0,1.0,74.0,N
503.0,55.0,57.0,1.0,1.0,74.0,N
504.0,60.0,60.0,1.0,1.0,75.0,N
505.0,0.0,0.0,3.0,1.0,75.0,R
508.0,50.0,54.0,0.333333333333,1.0,76.0,N
508.333333333,53.0,56.0,0.333333333333,1.0,76.0,N
508.666666667,55.0,57.0,0.333333333333,1.0,76.0,N
509.0,50.0,54.0,0.333333333333,1.0,76.0,N
509.333333333,53.0,56.0,0.333333333333,1.0,76.0,N
509.666666667,55.0,57.0,0.333333333333,1.0,76.0,N
510.0,50.0,54.0,0.333333333333,1.0,76.0,N
510.333333333,53.0,56.0,0.333333333333,1.0,76.0,N
510.666666667,55.0,57.0,0.333333333333,1.0,76.0,N
511.0,50.0,54.0,0.333333333333,1.0,76.0,N
511.333333333,53.0,56.0,0.333333333333,1.0,76.0,N
511.666666667,55.0,57.0,0.333333333333,1.0,76.0,N
512.0,48.0,53.0,1.0,1.0,77.0,N
513.0,0.0,0.0,3.0,1.0,77.0,R
516.0,47.0,52.0,0.333333333333,1.0,78.0,N
516.333333333,50.0,54.0,0.333333333333,1.0,78.0,N
516.666666667,55.0,57.0,0.333333333333,1.0,78.0,N
517.0,47.0,52.0,0.333333333333,1.0,78.0,N
517.333333333,50.0,54.0,0.333333333333,1.0,78.0,N
517.666666667,55.0,57.0,0.333333333333,1.0,78.0,N
518.0,47.0,52.0,0.333333333333,1.0,78.0,N
518.333333333,50.0,54.0,0.333333333333,1.0,78.0,N
518.666666667,55.0,57.0,0.333333333333,1.0,78.0,N
519.0,47.0,52.0,0.333333333333,1.0,78.0,N
519.333333333,50.0,54.0,0.333333333333,1.0,78.0,N
519.666666667,55.0,57.0,0.333333333333,1.0,78.0,N
520.0,48.0,53.0,1.0,1.0,79.0,N
521.0,0.0,0.0,3.0,1.0,79.0,R
524.0,47.0,52.0,0.333333333333,1.0,80.0,N
524.333333333,50.0,54.0,0.333333333333,1.0,80.0,N
524.666666667,52.0,55.0,0.333333333333,1.0,80.0,N
525.0,47.0,52.0,0.333333333333,1.0,80.0,N
525.333333333,50.0,54.0,0.333333333333,1.0,80.0,N
525.666666667,52.0,55.0,0.333333333333,1.0,80.0,N
526.0,47.0,52.0,0.333333333333,1.0,80.0,N
526.333333333,50.0,54.0,0.333333333333,1.0,80.0,N
526.666666667,52.0,55.0,0.333333333333,1.0,80.0,N
527.0,47.0,52.0,0.333333333333,1.0,80.0,N
527.333333333,50.0,54.0,0.333333333333,1.0,80.0,N
527.666666667,52.0,55.0,0.333333333333,1.0,80.0,N
528.0,48.0,53.0,0.333333333333,1.0,81.0,N
528.333333333,52.0,55.0,0.333333333333,1.0,81.0,N
528.666666667,57.0,58.0,0.333333333333,1.0,81.0,N
529.0,48.0,53.0,0.333333333333,1.0,81.0,N
529.333333333,52.0,55.0,0.333333333333,1.0,81.0,N
529.666666667,57.0,58.0,0.333333333333,1.0,81.0,N
530.0,49.0,53.0,0.333333333333,1.0,81.0,N
530.333333333,52.0,55.0,0.333333333333,1.0,81.0,N
530.666666667,57.0,58.0,0.333333333333,1.0,81.0,N
531.0,49.0,53.0,0.333333333333,1.0,81.0,N
531.333333333,52.0,55.0,0.333333333333,1.0,81.0,N
531.666666667,57.0,58.0,0.333333333333,1.0,81.0,N
532.0,50.0,54.0,0.333333333333,1.0,82.0,N
532.333333333,54.0,56.0,0.333333333333,1.0,82.0,N
532.666666667,57.0,58.0,0.333333333333,1.0,82.0,N
533.0,50.0,54.0,0.333333333333,1.0,82.0,N
533.333333333,54.0,56.0,0.333333333333,1.0,82.0,N
533.666666667,57.0,58.0,0.333333333333,1.0,82.0,N
534.0,50.0,54.0,0.333333333333,1.0,82.0,N
534.333333333,54.0,56.0,0.333333333333,1.0,82.0,N
534.666666667,57.0,58.0,0.333333333333,1.0,82.0,N
535.0,50.0,54.0,0.333333333333,1.0,82.0,N
535.333333333,54.0,56.0,0.333333333333,1.0,82.0,N
535.666666667,57.0,58.0,0.333333333333,1.0,82.0,N
536.0,50.0,54.0,0.333333333333,1.0,83.0,N
536.333333333,55.0,57.0,0.333333333333,1.0,83.0,N
536.666666667,59.0,59.0,0.333333333333,1.0,83.0,N
537.0,50.0,54.0,0.333333333333,1.0,83.0,N
537.333333333,55.0,57.0,0.333333333333,1.0,83.0,N
537.666666667,59.0,59.0,0.333333333333,1.0,83.0,N
538.0,50.0,54.0,0.333333333333,1.0,83.0,N
538.333333333,55.0,57.0,0.333333333333,1.0,83.0,N
538.666666667,59.0,59.0,0.333333333333,1.0,83.0,N
539.0,50.0,54.0,0.333333333333,1.0,83.0,N
539.333333333,55.0,57.0,0.333333333333,1.0,83.0,N
539.666666667,59.0,59.0,0.333333333333,1.0,83.0,N
540.0,50.0,54.0,0.333333333333,1.0,84.0,N
540.333333333,54.0,56.0,0.333333333333,1.0,84.0,N
540.666666667,57.0,58.0,0.333333333333,1.0,84.0,N
541.0,50.0,54.0,0.333333333333,1.0,84.0,N
541.333333333,54.0,56.0,0.333333333333,1.0,84.0,N
541.666666667,57.0,58.0,0.333333333333,1.0,84.0,N
542.0,50.0,54.0,0.333333333333,1.0,84.0,N
542.333333333,54.0,56.0,0.333333333333,1.0,84.0,N
542.666666667,57.0,58.0,0.333333333333,1.0,84.0,N
543.0,50.0,54.0,0.333333333333,1.0,84.0,N
543.333333333,54.0,56.0,0.333333333333,1.0,84.0,N
543.666666667,57.0,58.0,0.333333333333,1.0,84.0,N
544.0,50.0,54.0,0.333333333333,1.0,85.0,N
544.333333333,55.0,57.0,0.333333333333,1.0,85.0,N
544.666666667,59.0,59.0,0.333333333333,1.0,85.0,N
545.0,50.0,54.0,0.333333333333,1.0,85.0,N
545.333333333,55.0,57.0,0.333333333333,1.0,85.0,N
545.666666667,59.0,59.0,0.333333333333,1.0,85.0,N
546.0,50.0,54.0,0.333333333333,1.0,85.0,N
546.333333333,55.0,57.0,0.333333333333,1.0,85.0,N
546.666666667,59.0,59.0,0.333333333333,1.0,85.0,N
547.0,50.0,54.0,0.333333333333,1.0,85.0,N
547.333333333,55.0,57.0,0.333333333333,1.0,85.0,N
547.666666667,59.0,59.0,0.333333333333,1.0,85.0,N
548.0,50.0,54.0,0.333333333333,1.0,86.0,N
548.333333333,54.0,56.0,0.333333333333,1.0,86.0,N
548.666666667,57.0,58.0,0.333333333333,1.0,86.0,N
549.0,50.0,54.0,0.333333333333,1.0,86.0,N
549.333333333,55.0,57.0,0.333333333333,1.0,86.0,N
549.666666667,59.0,59.0,0.333333333333,1.0,86.0,N
550.0,50.0,54.0,0.333333333333,1.0,86.0,N
550.333333333,54.0,56.0,0.333333333333,1.0,86.0,N
550.666666667,57.0,58.0,0.333333333333,1.0,86.0,N
551.0,50.0,54.0,0.333333333333,1.0,86.0,N
551.333333333,55.0,57.0,0.333333333333,1.0,86.0,N
551.666666667,59.0,59.0,0.333333333333,1.0,86.0,N
552.0,50.0,54.0,1.0,1.0,87.0,C
552.0,54.0,56.0,1.0,1.0,87.0,C
553.0,0.0,0.0,3.0,1.0,87.0,R
556.0,59.0,59.0,0.5,1.0,88.0,N
556.5,62.0,61.0,0.5,1.0,88.0,N
557.0,60.0,60.0,0.5,1.0,88.0,N
557.5,62.0,61.0,0.5,1.0,88.0,N
558.0,59.0,59.0,0.5,1.0,88.0,N
558.5,62.0,61.0,0.5,1.0,88.0,N
559.0,54.0,56.0,0.5,1.0,88.0,N
559.5,62.0,61.0,0.5,1.0,88.0,N
560.0,55.0,57.0,0.5,1.0,89.0,N
560.5,62.0,61.0,0.5,1.0,89.0,N
561.0,54.0,56.0,0.5,1.0,89.0,N
561.5,62.0,61.0,0.5,1.0,89.0,N
562.0,50.0,54.0,1.0,1.0,89.0,N
563.0,0.0,0.0,1.0,1.0,89.0,R
564.0,60.0,60.0,0.5,1.0,90.0,N
564.5,62.0,61.0,0.5,1.0,90.0,N
565.0,59.0,59.0,0.5,1.0,90.0,N
565.5,62.0,61.0,0.5,1.0,90.0,N
566.0,57.0,58.0,0.5,1.0,90.0,N
566.5,62.0,61.0,0.5,1.0,90.0,N
567.0,55.0,57.0,0.5,1.0,90.0,N
567.5,62.0,61.0,0.5,1.0,90.0,N
568.0,54.0,56.0,0.5,1.0,91.0,N
568.5,62.0,61.0,0.5,1.0,91.0,N
569.0,55.0,57.0,0.5,1.0,91.0,N
569.5,62.0,61.0,0.5,1.0,91.0,N
570.0,55.0,57.0,0.5,1.0,91.0,N
570.5,0.0,0.0,1.5,1.0,91.0,R
572.0,60.0,60.0,2.0,1.0,92.0,C
572.0,64.0,62.0,2.0,1.0,92.0,C
574.0,59.0,59.0,1.0,1.0,92.0,C
574.0,62.0,61.0,1.0,1.0,92.0,C
575.0,0.0,0.0,1.0,1.0,92.0,R
576.0,60.0,60.0,2.0,1.0,93.0,C
576.0,64.0,62.0,2.0,1.0,93.0,C
578.0,59.0,59.0,1.0,1.0,93.0,C
578.0,62.0,61.0,1.0,1.0,93.0,C
579.0,0.0,0.0,2.0,1.0,93.0,R
581.0,60.0,60.0,1.0,1.0,94.0,C
581.0,64.0,62.0,1.0,1.0,94.0,C
582.0,0.0,0.0,1.0,1.0,94.0,R
583.0,61.0,60.0,1.0,1.0,94.0,C
583.0,64.0,62.0,1.0,1.0,94.0,C
584.0,62.0,61.0,1.0,1.0,95.0,N
585.0,0.0,0.0,3.0,1.0,95.0,R
588.0,71.0,66.0,0.5,1.0,96.0,N
588.5,74.0,68.0,0.5,1.0,96.0,N
589.0,72.0,67.0,0.5,1.0,96.0,N
589.5,74.0,68.0,0.5,1.0,96.0,N
590.0,71.0,66.0,0.5,1.0,96.0,N
590.5,74.0,68.0,0.5,1.0,96.0,N
591.0,66.0,63.0,0.5,1.0,96.0,N
591.5,74.0,68.0,0.5,1.0,96.0,N
592.0,67.0,64.0,0.5,1.0,97.0,N
592.5,74.0,68.0,0.5,1.0,97.0,N
593.0,66.0,63.0,0.5,1.0,97.0,N
593.5,74.0,68.0,0.5,1.0,97.0,N
594.0,62.0,61.0,1.0,1.0,97.0,N
595.0,0.0,0.0,1.0,1.0,97.0,R
596.0,72.0,67.0,0.5,1.0,98.0,N
596.5,74.0,68.0,0.5,1.0,98.0,N
597.0,71.0,66.0,0.5,1.0,98.0,N
597.5,74.0,68.0,0.5,1.0,98.0,N
598.0,69.0,65.0,0.5,1.0,98.0,N
598.5,74.0,68.0,0.5,1.0,98.0,N
599.0,67.0,64.0,0.5,1.0,98.0,N
599.5,74.0,68.0,0.5,1.0,98.0,N
600.0,66.0,63.0,0.5,1.0,99.0,N
600.5,74.0,68.0,0.5,1.0,99.0,N
601.0,67.0,64.0,0.5,1.0,99.0,N
601.5,74.0,68.0,0.5,1.0,99.0,N
602.0,67.0,64.0,0.5,1.0,99.0,N
602.5,0.0,0.0,1.5,1.0,99.0,R
604.0,72.0,67.0,2.0,1.0,100.0,N
604.0,76.0,69.0,1.0,1.0,100.0,N
605.0,78.0,70.0,1.0,1.0,100.0,N
606.0,71.0,66.0,1.0,1.0,100.0,C
606.0,74.0,68.0,1.0,1.0,100.0,C
607.0,0.0,0.0,1.0,1.0,100.0,R
608.0,72.0,67.0,2.0,1.0,101.0,N
608.0,76.0,69.0,1.0,1.0,101.0,N
609.0,78.0,70.0,1.0,1.0,101.0,N
610.0,71.0,66.0,1.0,1.0,101.0,C
610.0,74.0,68.0,1.0,1.0,101.0,C
611.0,0.0,0.0,2.0,1.0,101.0,R
613.0,72.0,67.0,1.0,1.0,102.0,N
614.0,74.0,68.0,1.0,1.0,102.0,N
615.0,62.0,61.0,1.0,1.0,102.0,N
616.0,67.0,64.0,1.0,1.0,103.0,N
617.0,0.0,0.0,3.0,1.0,103.0,R
620.0,57.0,58.0,0.333333333333,1.0,104.0,N
620.333333333,60.0,60.0,0.333333333333,1.0,104.0,N
620.666666667,62.0,61.0,0.333333333333,1.0,104.0,N
621.0,57.0,58.0,0.333333333333,1.0,104.0,N
621.333333333,60.0,60.0,0.333333333333,1.0,104.0,N
621.666666667,62.0,61.0,0.333333333333,1.0,104.0,N
622.0,57.0,58.0,0.333333333333,1.0,104.0,N
622.333333333,60.0,60.0,0.333333333333,1.0,104.0,N
622.666666667,62.0,61.0,0.333333333333,1.0,104.0,N
623.0,57.0,58.0,0.333333333333,1.0,104.0,N
623.333333333,60.0,60.0,0.333333333333,1.0,104.0,N
623.666666667,62.0,61.0,0.333333333333,1.0,104.0,N
624.0,55.0,57.0,1.0,1.0,105.0,C
624.0,59.0,59.0,1.0,1.0,105.0,C
625.0,0.0,0.0,3.0,1.0,105.0,R
628.0,54.0,56.0,0.333333333333,1.0,106.0,N
628.333333333,57.0,58.0,0.333333333333,1.0,106.0,N
628.666666667,62.0,61.0,0.333333333333,1.0,106.0,N
629.0,54.0,56.0,0.333333333333,1.0,106.0,N
629.333333333,57.0,58.0,0.333333333333,1.0,106.0,N
629.666666667,62.0,61.0,0.333333333333,1.0,106.0,N
630.0,54.0,56.0,0.333333333333,1.0,106.0,N
630.333333333,57.0,58.0,0.333333333333,1.0,106.0,N
630.666666667,62.0,61.0,0.333333333333,1.0,106.0,N
631.0,54.0,56.0,0.333333333333,1.0,106.0,N
631.333333333,57.0,58.0,0.333333333333,1.0,106.0,N
631.666666667,62.0,61.0,0.333333333333,1.0,106.0,N
632.0,55.0,57.0,1.0,1.0,107.0,C
632.0,59.0,59.0,1.0,1.0,107.0,C
633.0,0.0,0.0,3.0,1.0,107.0,R
636.0,47.0,52.0,0.333333333333,1.0,108.0,N
636.333333333,50.0,54.0,0.333333333333,1.0,108.0,N
636.666666667,55.0,57.0,0.333333333333,1.0,108.0,N
637.0,47.0,52.0,0.333333333333,1.0,108.0,N
637.333333333,50.0,54.0,0.333333333333,1.0,108.0,N
637.666666667,55.0,57.0,0.333333333333,1.0,108.0,N
638.0,47.0,52.0,0.333333333333,1.0,108.0,N
638.333333333,50.0,54.0,0.333333333333,1.0,108.0,N
638.666666667,56.0,57.0,0.333333333333,1.0,108.0,N
639.0,47.0,52.0,0.333333333333,1.0,108.0,N
639.333333333,50.0,54.0,0.333333333333,1.0,108.0,N
639.666666667,56.0,57.0,0.333333333333,1.0,108.0,N
640.0,48.0,53.0,0.333333333333,1.0,109.0,N
640.333333333,52.0,55.0,0.333333333333,1.0,109.0,N
640.666666667,57.0,58.0,0.333333333333,1.0,109.0,N
641.0,48.0,53.0,0.333333333333,1.0,109.0,N
641.333333333,52.0,55.0,0.333333333333,1.0,109.0,N
641.666666667,57.0,58.0,0.333333333333,1.0,109.0,N
642.0,50.0,54.0,0.333333333333,1.0,109.0,N
642.333333333,55.0,57.0,0.333333333333,1.0,109.0,N
642.666666667,59.0,59.0,0.333333333333,1.0,109.0,N
643.0,50.0,54.0,0.333333333333,1.0,109.0,N
643.333333333,54.0,56.0,0.333333333333,1.0,109.0,N
643.666666667,60.0,60.0,0.333333333333,1.0,109.0,N
644.0,55.0,57.0,1.0,1.0,110.0,C
644.0,59.0,59.0,1.0,1.0,110.0,C
645.0,0.0,0.0,3.3333333330000414,1.0,110.0,R
648.333333333,60.0,60.0,0.333333333333,1.0,111.0,N
648.666666667,62.0,61.0,0.333333333333,1.0,111.0,N
649.0,64.0,62.0,0.333333333333,1.0,111.0,N
649.333333333,66.0,63.0,0.333333333333,1.0,111.0,N
649.666666667,67.0,64.0,0.333333333333,1.0,111.0,N
650.0,69.0,65.0,0.333333333333,1.0,111.0,N
650.333333333,71.0,66.0,0.333333333333,1.0,111.0,N
650.666666667,72.0,67.0,0.333333333333,1.0,111.0,N
651.0,74.0,68.0,0.333333333333,1.0,111.0,N
651.333333333,76.0,69.0,0.333333333333,1.0,111.0,N
651.666666667,78.0,70.0,0.333333333333,1.0,111.0,N
652.0,79.0,71.0,1.0,1.0,112.0,N
653.0,72.0,67.0,1.0,1.0,112.0,N
654.0,74.0,68.0,1.0,1.0,112.0,N
655.0,62.0,61.0,1.0,1.0,112.0,N
656.0,0.0,0.0,4.333333333000041,1.0,112.0,R
660.333333333,48.0,53.0,0.333333333333,1.0,114.0,N
660.666666667,50.0,54.0,0.333333333333,1.0,114.0,N
661.0,52.0,55.0,0.333333333333,1.0,114.0,N
661.333333333,54.0,56.0,0.333333333333,1.0,114.0,N
661.666666667,55.0,57.0,0.333333333333,1.0,114.0,N
662.0,57.0,58.0,0.333333333333,1.0,114.0,N
662.333333333,59.0,59.0,0.333333333333,1.0,114.0,N
662.666666667,60.0,60.0,0.333333333333,1.0,114.0,N
663.0,62.0,61.0,0.333333333333,1.0,114.0,N
663.333333333,64.0,62.0,0.333333333333,1.0,114.0,N
663.666666667,66.0,63.0,0.333333333333,1.0,114.0,N
664.0,67.0,64.0,1.0,1.0,115.0,N
665.0,60.0,60.0,1.0,1.0,115.0,N
666.0,62.0,61.0,1.0,1.0,115.0,N
667.0,50.0,54.0,1.0,1.0,115.0,N
668.0,43.0,50.0,0.333333333333,1.0,116.0,N
668.333333333,47.0,52.0,0.333333333333,1.0,116.0,N
668.666666667,50.0,54.0,0.333333333333,1.0,116.0,N
669.0,43.0,50.0,0.333333333333,1.0,116.0,N
669.333333333,47.0,52.0,0.333333333333,1.0,116.0,N
669.666666667,50.0,54.0,0.333333333333,1.0,116.0,N
670.0,43.0,50.0,0.333333333333,1.0,116.0,N
670.333333333,48.0,53.0,0.333333333333,1.0,116.0,N
670.666666667,50.0,54.0,0.333333333333,1.0,116.0,N
671.0,43.0,50.0,0.333333333333,1.0,116.0,N
671.333333333,48.0,53.0,0.333333333333,1.0,116.0,N
671.666666667,50.0,54.0,0.333333333333,1.0,116.0,N
672.0,43.0,50.0,0.333333333333,1.0,117.0,N
672.333333333,47.0,52.0,0.333333333333,1.0,117.0,N
672.666666667,50.0,54.0,0.333333333333,1.0,117.0,N
673.0,43.0,50.0,0.333333333333,1.0,117.0,N
673.333333333,47.0,52.0,0.333333333333,1.0,117.0,N
673.666666667,50.0,54.0,0.333333333333,1.0,117.0,N
674.0,43.0,50.0,0.333333333333,1.0,117.0,N
674.333333333,48.0,53.0,0.333333333333,1.0,117.0,N
674.666666667,50.0,54.0,0.333333333333,1.0,117.0,N
675.0,43.0,50.0,0.333333333333,1.0,117.0,N
675.333333333,48.0,53.0,0.333333333333,1.0,117.0,N
675.666666667,50.0,54.0,0.333333333333,1.0,117.0,N
676.0,43.0,50.0,0.333333333333,1.0,118.0,N
676.333333333,47.0,52.0,0.333333333333,1.0,118.0,N
676.666666667,50.0,54.0,0.333333333333,1.0,118.0,N
677.0,43.0,50.0,0.333333333333,1.0,118.0,N
677.333333333,47.0,52.0,0.333333333333,1.0,118.0,N
677.666666667,50.0,54.0,0.333333333333,1.0,118.0,N
678.0,43.0,50.0,0.333333333333,1.0,118.0,N
678.333333333,48.0,53.0,0.333333333333,1.0,118.0,N
678.666666667,50.0,54.0,0.333333333333,1.0,118.0,N
679.0,43.0,50.0,0.333333333333,1.0,118.0,N
679.333333333,48.0,53.0,0.333333333333,1.0,118.0,N
679.666666667,50.0,54.0,0.333333333333,1.0,118.0,N
680.0,43.0,50.0,0.333333333333,1.0,119.0,N
680.333333333,47.0,52.0,0.333333333333,1.0,119.0,N
680.666666667,50.0,54.0,0.333333333333,1.0,119.0,N
681.0,43.0,50.0,0.333333333333,1.0,119.0,N
681.333333333,47.0,52.0,0.333333333333,1.0,119.0,N
681.666666667,50.0,54.0,0.333333333333,1.0,119.0,N
682.0,43.0,50.0,0.333333333333,1.0,119.0,N
682.333333333,48.0,53.0,0.333333333333,1.0,119.0,N
682.666666667,50.0,54.0,0.333333333333,1.0,119.0,N
683.0,43.0,50.0,0.333333333333,1.0,119.0,N
683.333333333,48.0,53.0,0.333333333333,1.0,119.0,N
683.666666667,50.0,54.0,0.333333333333,1.0,119.0,N
684.0,43.0,50.0,0.333333333333,1.0,120.0,N
684.333333333,47.0,52.0,0.333333333333,1.0,120.0,N
684.666666667,50.0,54.0,0.333333333333,1.0,120.0,N
685.0,43.0,50.0,0.333333333333,1.0,120.0,N
685.333333333,48.0,53.0,0.333333333333,1.0,120.0,N
685.666666667,50.0,54.0,0.333333333333,1.0,120.0,N
686.0,43.0,50.0,0.333333333333,1.0,120.0,N
686.333333333,47.0,52.0,0.333333333333,1.0,120.0,N
686.666666667,50.0,54.0,0.333333333333,1.0,120.0,N
687.0,43.0,50.0,0.333333333333,1.0,120.0,N
687.333333333,48.0,53.0,0.333333333333,1.0,120.0,N
687.666666667,50.0,54.0,0.333333333333,1.0,120.0,N
688.0,43.0,50.0,1.0,1.0,121.0,N
689.0,0.0,0.0,1.0,1.0,121.0,R
690.0,38.0,47.0,1.0,1.0,121.0,C
690.0,50.0,54.0,1.0,1.0,121.0,C
691.0,0.0,0.0,1.0,1.0,121.0,R
692.0,31.0,43.0,1.0,1.0,122.0,C
