-0.5,63.0,62.0,0.5,0.0,0.0,N
0.0,60.0,60.0,1.5,0.0,1.0,N
0.0,63.0,62.0,0.5,0.0,1.0,N
0.0,63.0,62.0,1.5,0.0,1.0,N
0.5,68.0,65.0,0.5,0.0,1.0,N
1.0,68.0,65.0,0.5,0.0,1.0,N
1.5,61.0,61.0,1.5,0.0,2.0,C
1.5,63.0,62.0,1.5,0.0,2.0,C
1.5,68.0,65.0,0.25,0.0,2.0,N
1.75,67.0,64.0,0.25,0.0,2.0,N
2.0,67.0,64.0,0.375,0.0,2.0,N
2.375,65.0,63.0,0.125,0.0,2.0,N
2.5,67.0,64.0,0.375,0.0,2.0,N
2.875,63.0,62.0,0.125,0.0,2.0,N
3.0,68.0,65.0,1.0,0.0,3.0,N
3.5,63.0,62.0,0.5,0.0,3.0,N
4.0,58.0,59.0,0.5,0.0,3.0,C
4.0,63.0,62.0,0.5,0.0,3.0,C
4.0,70.0,66.0,0.5,0.0,3.0,C
4.5,60.0,60.0,0.5,0.0,4.0,C
4.5,63.0,62.0,0.5,0.0,4.0,C
4.5,68.0,65.0,0.5,0.0,4.0,C
4.5,73.0,68.0,0.375,0.0,4.0,N
4.875,72.0,67.0,0.125,0.0,4.0,N
5.0,58.0,59.0,0.5,0.0,4.0,C
5.0,63.0,62.0,0.5,0.0,4.0,C
5.0,67.0,64.0,0.5,0.0,4.0,C
5.0,70.0,66.0,0.5,0.0,4.0,C
5.5,70.0,66.0,0.125,0.0,4.0,N
5.5,72.0,67.0,0.0,0.0,4.0,N
5.625,69.0,65.0,0.125,0.0,4.0,N
5.75,70.0,66.0,0.125,0.0,4.0,N
5.875,72.0,67.0,0.125,0.0,4.0,N
6.0,68.0,65.0,1.0,0.0,5.0,C
6.0,73.0,68.0,1.0,0.0,5.0,C
7.0,68.0,65.0,0.5,0.0,5.0,C
7.0,72.0,67.0,0.5,0.0,5.0,C
7.5,68.0,65.0,0.5,0.0,6.0,C
7.5,70.0,66.0,0.5,0.0,6.0,C
7.5,77.0,70.0,0.5,0.0,6.0,C
8.0,67.0,64.0,0.5,0.0,6.0,C
8.0,70.0,66.0,0.5,0.0,6.0,C
8.5,68.0,65.0,0.5,0.0,6.0,C
8.5,75.0,69.0,0.5,0.0,6.0,C
9.0,65.0,63.0,0.5,0.0,7.0,C
9.0,68.0,65.0,0.5,0.0,7.0,C
9.5,64.0,63.0,0.5,0.0,7.0,C
9.5,70.0,66.0,0.5,0.0,7.0,C
9.5,73.0,68.0,0.5,0.0,7.0,C
10.0,63.0,62.0,0.5,0.0,7.0,C
10.0,68.0,65.0,0.5,0.0,7.0,C
10.0,72.0,67.0,0.5,0.0,7.0,C
10.5,63.0,62.0,1.0,0.0,8.0,N
10.5,66.0,63.0,0.5,0.0,8.0,C
10.5,69.0,65.0,0.5,0.0,8.0,C
11.0,67.0,64.0,0.25,0.0,8.0,C
11.0,70.0,66.0,0.25,0.0,8.0,C
11.25,0.0,0.0,0.25,0.0,8.0,R
11.5,63.0,62.0,0.375,0.0,8.0,N
11.875,63.0,62.0,0.125,0.0,8.0,N
12.0,60.0,60.0,1.5,0.0,9.0,N
12.0,63.0,62.0,0.25,0.0,9.0,N
12.25,68.0,65.0,0.25,0.0,9.0,N
12.5,68.0,65.0,0.25,0.0,9.0,N
12.75,68.0,65.0,0.25,0.0,9.0,N
13.0,68.0,65.0,0.25,0.0,9.0,N
13.25,68.0,65.0,0.25,0.0,9.0,N
13.5,61.0,61.0,1.5,0.0,10.0,C
13.5,63.0,62.0,1.5,0.0,10.0,C
13.5,68.0,65.0,0.25,0.0,10.0,N
13.75,67.0,64.0,0.25,0.0,10.0,N
14.0,67.0,64.0,0.375,0.0,10.0,N
14.375,65.0,63.0,0.125,0.0,10.0,N
14.5,67.0,64.0,0.375,0.0,10.0,N
14.875,63.0,62.0,0.125,0.0,10.0,N
15.0,68.0,65.0,1.0,0.0,11.0,N
15.5,63.0,62.0,0.5,0.0,11.0,N
16.0,58.0,59.0,0.5,0.0,11.0,C
16.0,63.0,62.0,0.5,0.0,11.0,C
16.0,70.0,66.0,0.5,0.0,11.0,C
16.5,60.0,60.0,0.5,0.0,12.0,C
16.5,63.0,62.0,0.5,0.0,12.0,C
16.5,68.0,65.0,0.5,0.0,12.0,C
16.5,73.0,68.0,0.375,0.0,12.0,N
16.875,72.0,67.0,0.125,0.0,12.0,N
17.0,58.0,59.0,0.5,0.0,12.0,C
17.0,63.0,62.0,0.5,0.0,12.0,C
17.0,67.0,64.0,0.5,0.0,12.0,C
17.0,70.0,66.0,0.5,0.0,12.0,C
17.5,70.0,66.0,0.125,0.0,12.0,N
17.5,72.0,67.0,0.0,0.0,12.0,N
17.625,69.0,65.0,0.125,0.0,12.0,N
17.75,70.0,66.0,0.125,0.0,12.0,N
17.875,72.0,67.0,0.125,0.0,12.0,N
18.0,68.0,65.0,1.0,0.0,13.0,C
18.0,73.0,68.0,1.0,0.0,13.0,C
19.0,68.0,65.0,0.5,0.0,13.0,C
19.0,72.0,67.0,0.5,0.0,13.0,C
19.5,68.0,65.0,0.5,0.0,14.0,C
19.5,70.0,66.0,0.5,0.0,14.0,C
19.5,77.0,70.0,0.5,0.0,14.0,C
20.0,67.0,64.0,0.5,0.0,14.0,C
20.0,70.0,66.0,0.5,0.0,14.0,C
20.5,68.0,65.0,0.5,0.0,14.0,C
20.5,75.0,69.0,0.5,0.0,14.0,C
21.0,68.0,65.0,0.125,0.0,15.0,N
21.0,70.0,66.0,0.0,0.0,15.0,N
21.125,67.0,64.0,0.125,0.0,15.0,N
21.25,68.0,65.0,0.125,0.0,15.0,N
21.375,70.0,66.0,0.125,0.0,15.0,N
21.5,63.0,62.0,0.5,0.0,15.0,C
21.5,68.0,65.0,0.5,0.0,15.0,C
21.5,72.0,67.0,0.5,0.0,15.0,C
22.0,61.0,61.0,0.5,0.0,15.0,C
22.0,67.0,64.0,0.5,0.0,15.0,C
22.0,70.0,66.0,0.5,0.0,15.0,C
22.5,60.0,60.0,0.5,0.0,16.0,C
22.5,68.0,65.0,0.5,0.0,16.0,C
23.0,0.0,0.0,1.0,0.0,16.0,R
24.0,69.0,65.0,0.5,0.0,17.0,C
24.0,72.0,67.0,0.5,0.0,17.0,C
24.5,67.0,64.0,0.5,0.0,17.0,C
24.5,70.0,66.0,0.5,0.0,17.0,C
25.0,69.0,65.0,0.5,0.0,17.0,C
25.0,72.0,67.0,0.5,0.0,17.0,C
25.5,70.0,66.0,0.5,0.0,18.0,C
25.5,73.0,68.0,0.5,0.0,18.0,C
26.0,73.0,68.0,0.5,0.0,18.0,C
26.0,77.0,70.0,0.5,0.0,18.0,C
26.5,0.0,0.0,0.5,0.0,18.0,R
27.0,67.0,64.0,0.5,0.0,19.0,C
27.0,70.0,66.0,0.5,0.0,19.0,C
27.5,65.0,63.0,0.5,0.0,19.0,C
27.5,68.0,65.0,0.5,0.0,19.0,C
28.0,67.0,64.0,0.5,0.0,19.0,C
28.0,70.0,66.0,0.5,0.0,19.0,C
28.5,68.0,65.0,0.5,0.0,20.0,C
28.5,72.0,67.0,0.5,0.0,20.0,C
29.0,72.0,67.0,0.5,0.0,20.0,C
29.0,75.0,69.0,0.5,0.0,20.0,C
29.5,63.0,62.0,1.0,0.0,20.0,N
29.5,75.0,69.0,0.5,0.0,20.0,N
30.0,0.0,0.0,0.5,0.0,20.0,R
30.5,62.0,61.0,0.5,0.0,21.0,C
30.5,74.0,68.0,0.5,0.0,21.0,C
31.0,64.0,62.0,0.5,0.0,21.0,C
31.0,76.0,69.0,0.5,0.0,21.0,C
31.5,65.0,63.0,0.5,0.0,22.0,C
31.5,77.0,70.0,0.5,0.0,22.0,C
32.0,67.0,64.0,0.5,0.0,22.0,C
32.0,79.0,71.0,0.5,0.0,22.0,C
32.5,68.0,65.0,0.5,0.0,22.0,N
32.5,80.0,72.0,0.375,0.0,22.0,N
32.875,77.0,70.0,0.125,0.0,22.0,N
33.0,67.0,64.0,0.5,0.0,23.0,N
33.0,75.0,69.0,1.0,0.0,23.0,N
33.5,70.0,66.0,0.5,0.0,23.0,N
34.0,65.0,63.0,0.5,0.0,23.0,C
34.0,68.0,65.0,0.5,0.0,23.0,C
34.0,74.0,68.0,0.5,0.0,23.0,C
34.5,63.0,62.0,0.5,0.0,24.0,C
34.5,67.0,64.0,0.5,0.0,24.0,C
34.5,75.0,69.0,1.0,0.0,24.0,N
35.0,72.0,67.0,0.5,0.0,24.0,N
35.5,65.0,63.0,0.5,0.0,24.0,C
35.5,72.0,67.0,0.5,0.0,24.0,C
35.5,79.0,71.0,0.375,0.0,24.0,N
35.875,77.0,70.0,0.125,0.0,24.0,N
36.0,67.0,64.0,0.5,0.0,25.0,N
36.0,75.0,69.0,1.0,0.0,25.0,N
36.5,70.0,66.0,0.5,0.0,25.0,N
37.0,65.0,63.0,0.5,0.0,25.0,C
37.0,68.0,65.0,0.5,0.0,25.0,C
37.0,74.0,68.0,0.5,0.0,25.0,C
37.5,63.0,62.0,0.5,0.0,26.0,C
37.5,67.0,64.0,0.5,0.0,26.0,C
37.5,72.0,67.0,0.0,0.0,26.0,C
37.5,74.0,68.0,0.0,0.0,26.0,C
37.5,75.0,69.0,0.5,0.0,26.0,N
38.0,62.0,61.0,0.5,0.0,26.0,C
38.0,68.0,65.0,0.5,0.0,26.0,C
38.0,75.0,69.0,0.5,0.0,26.0,C
38.5,61.0,61.0,0.5,0.0,26.0,C
38.5,70.0,66.0,0.5,0.0,26.0,C
38.5,75.0,69.0,0.5,0.0,26.0,C
39.0,60.0,60.0,1.5,0.0,27.0,N
39.0,63.0,62.0,0.25,0.0,27.0,N
39.0,63.0,62.0,1.5,0.0,27.0,N
39.25,68.0,65.0,0.25,0.0,27.0,N
39.5,68.0,65.0,0.25,0.0,27.0,N
39.75,68.0,65.0,0.25,0.0,27.0,N
40.0,68.0,65.0,0.25,0.0,27.0,N
40.25,68.0,65.0,0.25,0.0,27.0,N
40.5,61.0,61.0,1.5,0.0,28.0,C
40.5,63.0,62.0,1.5,0.0,28.0,C
40.5,68.0,65.0,0.25,0.0,28.0,N
40.75,67.0,64.0,0.25,0.0,28.0,N
41.0,67.0,64.0,0.375,0.0,28.0,N
41.375,65.0,63.0,0.125,0.0,28.0,N
41.5,67.0,64.0,0.375,0.0,28.0,N
41.875,63.0,62.0,0.125,0.0,28.0,N
42.0,68.0,65.0,1.0,0.0,29.0,N
42.5,63.0,62.0,0.5,0.0,29.0,N
43.0,58.0,59.0,0.5,0.0,29.0,C
43.0,63.0,62.0,0.5,0.0,29.0,C
43.0,70.0,66.0,0.5,0.0,29.0,C
43.5,60.0,60.0,0.5,0.0,30.0,C
43.5,63.0,62.0,0.5,0.0,30.0,C
43.5,68.0,65.0,0.5,0.0,30.0,C
43.5,73.0,68.0,0.375,0.0,30.0,N
43.875,72.0,67.0,0.125,0.0,30.0,N
44.0,58.0,59.0,0.5,0.0,30.0,C
44.0,63.0,62.0,0.5,0.0,30.0,C
44.0,67.0,64.0,0.5,0.0,30.0,C
44.0,70.0,66.0,0.5,0.0,30.0,C
44.5,70.0,66.0,0.125,0.0,30.0,N
44.5,72.0,67.0,0.0,0.0,30.0,N
44.625,69.0,65.0,0.125,0.0,30.0,N
44.75,70.0,66.0,0.125,0.0,30.0,N
44.875,72.0,67.0,0.125,0.0,30.0,N
45.0,61.0,61.0,1.0,0.0,31.0,C
45.0,73.0,68.0,1.0,0.0,31.0,C
46.0,60.0,60.0,0.5,0.0,31.0,C
46.0,72.0,67.0,0.5,0.0,31.0,C
46.5,65.0,63.0,0.5,0.0,32.0,C
46.5,77.0,70.0,0.5,0.0,32.0,C
47.0,58.0,59.0,0.5,0.0,32.0,C
47.0,70.0,66.0,0.5,0.0,32.0,C
47.5,63.0,62.0,0.5,0.0,32.0,C
47.5,75.0,69.0,0.5,0.0,32.0,C
48.0,68.0,65.0,0.125,0.0,33.0,N
48.0,70.0,66.0,0.0,0.0,33.0,N
48.125,67.0,64.0,0.125,0.0,33.0,N
48.25,68.0,65.0,0.125,0.0,33.0,N
48.375,70.0,66.0,0.125,0.0,33.0,N
48.5,63.0,62.0,0.5,0.0,33.0,C
48.5,68.0,65.0,0.5,0.0,33.0,C
48.5,72.0,67.0,0.5,0.0,33.0,C
49.0,61.0,61.0,0.5,0.0,33.0,C
49.0,67.0,64.0,0.5,0.0,33.0,C
49.0,70.0,66.0,0.5,0.0,33.0,C
49.5,60.0,60.0,0.5,0.0,34.0,C
49.5,68.0,65.0,0.5,0.0,34.0,C
50.0,0.0,0.0,2.0,0.0,34.0,R
52.0,0.0,0.0,0.5,0.0,35.0,R
52.5,55.0,57.0,0.125,0.0,36.0,N
52.625,61.0,61.0,0.125,0.0,36.0,N
52.75,63.0,62.0,0.125,0.0,36.0,N
52.875,67.0,64.0,0.125,0.0,36.0,N
53.0,73.0,68.0,0.5,0.0,36.0,N
53.5,67.0,64.0,0.5,0.0,36.0,N
54.0,68.0,65.0,0.125,0.0,37.0,N
54.125,51.0,55.0,0.125,0.0,37.0,N
54.25,56.0,58.0,0.125,0.0,37.0,N
54.375,60.0,60.0,0.125,0.0,37.0,N
54.5,63.0,62.0,0.5,0.0,37.0,N
55.0,58.0,59.0,0.5,0.0,37.0,C
55.0,63.0,62.0,0.5,0.0,37.0,C
55.5,56.0,58.0,0.5,0.0,38.0,N
55.5,61.0,61.0,0.25,0.0,38.0,N
55.5,63.0,62.0,0.5,0.0,38.0,N
55.75,60.0,60.0,0.25,0.0,38.0,N
56.0,55.0,57.0,0.5,0.0,38.0,C
56.0,58.0,59.0,0.5,0.0,38.0,C
56.0,63.0,62.0,0.5,0.0,38.0,C
56.5,58.0,59.0,0.125,0.0,38.0,N
56.5,60.0,60.0,0.0,0.0,38.0,N
56.625,57.0,58.0,0.125,0.0,38.0,N
56.75,58.0,59.0,0.125,0.0,38.0,N
56.875,60.0,60.0,0.125,0.0,38.0,N
57.0,61.0,61.0,0.125,0.0,39.0,N
57.125,61.0,61.0,0.125,0.0,39.0,N
57.25,65.0,63.0,0.125,0.0,39.0,N
57.375,68.0,65.0,0.125,0.0,39.0,N
57.5,73.0,68.0,0.5,0.0,39.0,N
58.0,72.0,67.0,0.25,0.0,39.0,N
58.25,0.0,0.0,0.375,0.0,39.0,R
58.625,65.0,63.0,0.125,0.0,40.0,N
58.75,68.0,65.0,0.125,0.0,40.0,N
58.875,70.0,66.0,0.125,0.0,40.0,N
59.0,77.0,70.0,0.5,0.0,40.0,N
59.5,75.0,69.0,0.25,0.0,40.0,N
59.75,0.0,0.0,0.25,0.0,40.0,R
59.75,0.0,0.0,4,0.0,40.0,R
60.0,0.0,0.0,0.5,0.0,41.0,R
64.5,55.0,57.0,0.125,0.0,44.0,N
64.625,61.0,61.0,0.125,0.0,44.0,N
64.75,63.0,62.0,0.125,0.0,44.0,N
64.875,67.0,64.0,0.125,0.0,44.0,N
65.0,73.0,68.0,0.5,0.0,44.0,N
65.5,67.0,64.0,0.5,0.0,44.0,N
66.0,68.0,65.0,0.125,0.0,45.0,N
66.125,51.0,55.0,0.125,0.0,45.0,N
66.25,56.0,58.0,0.125,0.0,45.0,N
66.375,60.0,60.0,0.125,0.0,45.0,N
66.5,63.0,62.0,0.25,0.0,45.0,N
66.75,63.0,62.0,0.25,0.0,45.0,N
67.0,58.0,59.0,0.5,0.0,45.0,N
67.0,63.0,62.0,0.25,0.0,45.0,N
67.25,63.0,62.0,0.25,0.0,45.0,N
67.5,56.0,58.0,0.5,0.0,46.0,N
67.5,61.0,61.0,0.25,0.0,46.0,N
67.5,63.0,62.0,0.5,0.0,46.0,N
67.75,60.0,60.0,0.25,0.0,46.0,N
68.0,55.0,57.0,0.5,0.0,46.0,C
68.0,58.0,59.0,0.5,0.0,46.0,C
68.0,63.0,62.0,0.5,0.0,46.0,C
68.5,58.0,59.0,0.125,0.0,46.0,N
68.5,60.0,60.0,0.0,0.0,46.0,N
68.625,57.0,58.0,0.125,0.0,46.0,N
68.75,58.0,59.0,0.125,0.0,46.0,N
68.875,60.0,60.0,0.125,0.0,46.0,N
69.0,61.0,61.0,0.125,0.0,47.0,N
69.125,61.0,61.0,0.125,0.0,47.0,N
69.25,65.0,63.0,0.125,0.0,47.0,N
69.375,68.0,65.0,0.125,0.0,47.0,N
69.5,73.0,68.0,0.5,0.0,47.0,N
70.0,72.0,67.0,0.25,0.0,47.0,N
70.25,0.0,0.0,0.375,0.0,47.0,R
70.625,77.0,70.0,0.125,0.0,48.0,N
70.75,80.0,72.0,0.125,0.0,48.0,N
70.875,82.0,73.0,0.125,0.0,48.0,N
71.0,89.0,77.0,0.5,0.0,48.0,N
71.5,87.0,76.0,0.25,0.0,48.0,N
71.75,0.0,0.0,0.25,0.0,48.0,R
72.0,0.0,0.0,0.125,0.0,49.0,R
72.125,60.0,60.0,0.125,0.0,49.0,N
72.25,63.0,62.0,0.125,0.0,49.0,N
72.375,68.0,65.0,0.625,0.0,49.0,N
72.5,63.0,62.0,0.5,0.0,49.0,C
72.5,68.0,65.0,0.5,0.0,49.0,C
72.5,72.0,67.0,0.75,0.0,49.0,N
73.0,61.0,61.0,0.5,0.0,49.0,C
73.0,67.0,64.0,0.5,0.0,49.0,C
73.25,70.0,66.0,0.25,0.0,49.0,N
73.5,60.0,60.0,0.5,0.0,50.0,C
73.5,68.0,65.0,0.5,0.0,50.0,C
74.0,0.0,0.0,1.0,0.0,50.0,R
75.0,69.0,65.0,0.5,0.0,51.0,C
75.0,72.0,67.0,0.5,0.0,51.0,C
75.5,67.0,64.0,0.5,0.0,51.0,C
75.5,70.0,66.0,0.5,0.0,51.0,C
76.0,69.0,65.0,0.5,0.0,51.0,C
76.0,72.0,67.0,0.5,0.0,51.0,C
76.5,70.0,66.0,0.5,0.0,52.0,C
76.5,73.0,68.0,0.5,0.0,52.0,C
77.0,73.0,68.0,0.5,0.0,52.0,C
77.0,77.0,70.0,0.5,0.0,52.0,C
77.5,0.0,0.0,0.25,0.0,52.0,R
77.75,70.0,66.0,0.125,0.0,52.0,C
77.75,73.0,68.0,0.125,0.0,52.0,C
77.875,68.0,65.0,0.125,0.0,52.0,C
77.875,72.0,67.0,0.125,0.0,52.0,C
78.0,67.0,64.0,0.5,0.0,53.0,C
78.0,70.0,66.0,0.5,0.0,53.0,C
78.5,65.0,63.0,0.5,0.0,53.0,C
78.5,68.0,65.0,0.5,0.0,53.0,C
79.0,67.0,64.0,0.5,0.0,53.0,C
79.0,70.0,66.0,0.5,0.0,53.0,C
79.5,68.0,65.0,0.5,0.0,54.0,C
79.5,72.0,67.0,0.5,0.0,54.0,C
80.0,72.0,67.0,0.5,0.0,54.0,C
80.0,75.0,69.0,0.5,0.0,54.0,C
80.5,0.0,0.0,0.25,0.0,54.0,R
80.75,63.0,62.0,0.375,0.0,54.0,N
80.75,75.0,69.0,0.25,0.0,54.0,N
81.0,0.0,0.0,0.125,0.0,54.0,R
81.125,63.0,62.0,0.125,0.0,55.0,N
81.25,75.0,69.0,0.125,0.0,55.0,N
81.375,63.0,62.0,0.125,0.0,55.0,N
81.5,0.0,0.0,0.125,0.0,55.0,R
81.625,62.0,61.0,0.125,0.0,55.0,N
81.75,74.0,68.0,0.125,0.0,55.0,N
81.875,62.0,61.0,0.125,0.0,55.0,N
82.0,0.0,0.0,0.125,0.0,55.0,R
82.125,64.0,62.0,0.125,0.0,55.0,N
82.25,76.0,69.0,0.125,0.0,55.0,N
82.375,64.0,62.0,0.125,0.0,55.0,N
82.5,0.0,0.0,0.125,0.0,55.0,R
82.625,65.0,63.0,0.125,0.0,56.0,N
82.75,77.0,70.0,0.125,0.0,56.0,N
82.875,65.0,63.0,0.125,0.0,56.0,N
83.0,0.0,0.0,0.125,0.0,56.0,R
83.125,67.0,64.0,0.125,0.0,56.0,N
83.25,79.0,71.0,0.125,0.0,56.0,N
83.375,67.0,64.0,0.125,0.0,56.0,N
83.5,0.0,0.0,0.125,0.0,56.0,R
83.625,68.0,65.0,0.125,0.0,56.0,N
83.75,80.0,72.0,0.125,0.0,56.0,N
83.875,68.0,65.0,0.125,0.0,56.0,N
84.0,67.0,64.0,1.0,0.0,57.0,C
84.0,70.0,66.0,1.0,0.0,57.0,C
84.0,75.0,69.0,1.0,0.0,57.0,C
85.0,65.0,63.0,0.5,0.0,57.0,C
85.0,68.0,65.0,0.5,0.0,57.0,C
85.0,74.0,68.0,0.5,0.0,57.0,C
85.5,63.0,62.0,1.0,0.0,58.0,C
85.5,67.0,64.0,1.0,0.0,58.0,C
85.5,75.0,69.0,1.0,0.0,58.0,C
86.5,65.0,63.0,0.5,0.0,58.0,C
86.5,72.0,67.0,0.5,0.0,58.0,C
86.5,77.0,70.0,0.5,0.0,58.0,C
87.0,67.0,64.0,1.0,0.0,59.0,C
87.0,70.0,66.0,1.0,0.0,59.0,C
87.0,75.0,69.0,1.0,0.0,59.0,C
88.0,65.0,63.0,0.5,0.0,59.0,C
88.0,68.0,65.0,0.5,0.0,59.0,C
88.0,74.0,68.0,0.5,0.0,59.0,C
88.5,63.0,62.0,0.125,0.0,60.0,C
88.5,67.0,64.0,0.125,0.0,60.0,C
88.5,72.0,67.0,0.0,0.0,60.0,N
88.5,75.0,69.0,0.125,0.0,60.0,N
88.625,63.0,62.0,0.125,0.0,60.0,N
88.75,67.0,64.0,0.125,0.0,60.0,N
88.875,75.0,69.0,0.125,0.0,60.0,N
89.0,0.0,0.0,0.125,0.0,60.0,R
89.125,62.0,61.0,0.125,0.0,60.0,N
89.25,68.0,65.0,0.125,0.0,60.0,N
89.375,75.0,69.0,0.125,0.0,60.0,N
89.5,0.0,0.0,0.125,0.0,60.0,R
89.625,61.0,61.0,0.125,0.0,60.0,N
89.75,70.0,66.0,0.125,0.0,60.0,N
89.875,75.0,69.0,0.125,0.0,60.0,N
90.0,0.0,0.0,1.0,0.0,60.0,R
91.0,0.0,0.0,0.5,0.0,60.0,R
91.5,55.0,57.0,0.125,0.0,62.0,N
91.625,61.0,61.0,0.125,0.0,62.0,N
91.75,63.0,62.0,0.125,0.0,62.0,N
91.875,67.0,64.0,0.125,0.0,62.0,N
92.0,73.0,68.0,0.5,0.0,62.0,N
92.5,67.0,64.0,0.5,0.0,62.0,N
93.0,68.0,65.0,0.125,0.0,63.0,N
93.125,51.0,55.0,0.125,0.0,63.0,N
93.25,56.0,58.0,0.125,0.0,63.0,N
93.375,60.0,60.0,0.125,0.0,63.0,N
93.5,63.0,62.0,0.25,0.0,63.0,N
93.75,63.0,62.0,0.25,0.0,63.0,N
94.0,58.0,59.0,0.5,0.0,63.0,N
94.0,63.0,62.0,0.25,0.0,63.0,N
94.25,63.0,62.0,0.25,0.0,63.0,N
94.5,56.0,58.0,0.5,0.0,64.0,N
94.5,61.0,61.0,0.25,0.0,64.0,N
94.5,63.0,62.0,0.5,0.0,64.0,N
94.75,60.0,60.0,0.25,0.0,64.0,N
95.0,55.0,57.0,0.5,0.0,64.0,C
95.0,58.0,59.0,0.5,0.0,64.0,C
95.0,63.0,62.0,0.5,0.0,64.0,C
95.5,58.0,59.0,0.125,0.0,64.0,N
95.5,60.0,60.0,0.0,0.0,64.0,N
95.625,56.0,58.0,0.125,0.0,64.0,N
95.75,58.0,59.0,0.125,0.0,64.0,N
95.875,60.0,60.0,0.125,0.0,64.0,N
96.0,61.0,61.0,0.125,0.0,65.0,N
96.125,61.0,61.0,0.125,0.0,65.0,N
96.25,65.0,63.0,0.125,0.0,65.0,N
96.375,68.0,65.0,0.125,0.0,65.0,N
96.5,73.0,68.0,0.5,0.0,65.0,N
97.0,72.0,67.0,0.25,0.0,65.0,N
97.25,0.0,0.0,0.375,0.0,65.0,R
97.625,77.0,70.0,0.125,0.0,66.0,N
97.75,80.0,72.0,0.125,0.0,66.0,N
97.875,82.0,73.0,0.125,0.0,66.0,N
98.0,89.0,77.0,0.5,0.0,66.0,N
98.5,87.0,76.0,0.25,0.0,66.0,N
98.75,0.0,0.0,0.375,0.0,66.0,R
99.125,60.0,60.0,0.125,0.0,67.0,N
99.25,63.0,62.0,0.125,0.0,67.0,N
99.375,68.0,65.0,0.125,0.0,67.0,N
99.5,63.0,62.0,0.5,0.0,67.0,C
99.5,68.0,65.0,0.5,0.0,67.0,C
99.5,72.0,67.0,0.75,0.0,67.0,N
100.0,61.0,61.0,0.5,0.0,67.0,C
100.0,67.0,64.0,0.5,0.0,67.0,C
100.25,70.0,66.0,0.25,0.0,67.0,N
100.5,60.0,60.0,0.5,0.0,68.0,C
100.5,68.0,65.0,0.5,0.0,68.0,C
101.0,0.0,0.0,0.625,0.0,68.0,R
101.625,60.0,60.0,0.125,0.0,0.0,C
101.625,63.0,62.0,0.125,0.0,0.0,C
101.75,0.0,0.0,0.125,0.0,0.0,R
101.875,60.0,60.0,0.125,0.0,0.0,C
101.875,63.0,62.0,0.125,0.0,0.0,C
102.0,0.0,0.0,0.125,0.0,0.0,R
102.125,60.0,60.0,0.125,0.0,69.0,C
102.125,63.0,62.0,0.125,0.0,69.0,C
102.25,0.0,0.0,0.125,0.0,69.0,R
102.375,60.0,60.0,0.125,0.0,69.0,C
102.375,63.0,62.0,0.125,0.0,69.0,C
102.5,0.0,0.0,0.125,0.0,69.0,R
102.625,60.0,60.0,0.125,0.0,69.0,C
102.625,63.0,62.0,0.125,0.0,69.0,C
102.75,0.0,0.0,0.125,0.0,69.0,R
102.875,60.0,60.0,0.125,0.0,69.0,C
102.875,63.0,62.0,0.125,0.0,69.0,C
103.0,0.0,0.0,0.125,0.0,69.0,R
103.125,60.0,60.0,0.125,0.0,69.0,C
103.125,63.0,62.0,0.125,0.0,69.0,C
103.25,0.0,0.0,0.125,0.0,69.0,R
103.375,60.0,60.0,0.125,0.0,69.0,C
103.375,63.0,62.0,0.125,0.0,69.0,C
103.5,0.0,0.0,0.125,0.0,69.0,R
103.625,58.0,59.0,0.125,0.0,70.0,C
103.625,61.0,61.0,0.125,0.0,70.0,C
103.625,63.0,62.0,0.125,0.0,70.0,C
103.75,0.0,0.0,0.125,0.0,70.0,R
103.875,58.0,59.0,0.125,0.0,70.0,C
103.875,61.0,61.0,0.125,0.0,70.0,C
103.875,63.0,62.0,0.125,0.0,70.0,C
104.0,0.0,0.0,0.125,0.0,70.0,R
104.125,58.0,59.0,0.125,0.0,70.0,C
104.125,61.0,61.0,0.125,0.0,70.0,C
104.125,63.0,62.0,0.125,0.0,70.0,C
104.25,0.0,0.0,0.125,0.0,70.0,R
104.375,58.0,59.0,0.125,0.0,70.0,C
104.375,61.0,61.0,0.125,0.0,70.0,C
104.375,63.0,62.0,0.125,0.0,70.0,C
104.5,0.0,0.0,0.125,0.0,70.0,R
104.625,58.0,59.0,0.125,0.0,70.0,C
104.625,61.0,61.0,0.125,0.0,70.0,C
104.625,63.0,62.0,0.125,0.0,70.0,C
104.75,0.0,0.0,0.125,0.0,70.0,R
104.875,58.0,59.0,0.125,0.0,70.0,C
104.875,61.0,61.0,0.125,0.0,70.0,C
104.875,63.0,62.0,0.125,0.0,70.0,C
105.0,0.0,0.0,0.125,0.0,70.0,R
105.125,60.0,60.0,0.125,0.0,71.0,C
105.125,63.0,62.0,0.125,0.0,71.0,C
105.25,0.0,0.0,0.125,0.0,71.0,R
105.375,60.0,60.0,0.125,0.0,71.0,C
105.375,63.0,62.0,0.125,0.0,71.0,C
105.5,0.0,0.0,0.125,0.0,71.0,R
105.625,60.0,60.0,0.125,0.0,71.0,C
105.625,63.0,62.0,0.125,0.0,71.0,C
105.625,68.0,65.0,0.125,0.0,71.0,C
105.75,0.0,0.0,0.125,0.0,71.0,R
105.875,60.0,60.0,0.125,0.0,71.0,C
105.875,63.0,62.0,0.125,0.0,71.0,C
105.875,68.0,65.0,0.125,0.0,71.0,C
106.0,0.0,0.0,0.125,0.0,71.0,R
106.125,61.0,61.0,0.125,0.0,71.0,C
106.125,63.0,62.0,0.125,0.0,71.0,C
106.125,67.0,64.0,0.125,0.0,71.0,C
106.25,0.0,0.0,0.125,0.0,71.0,R
106.375,61.0,61.0,0.125,0.0,71.0,C
106.375,63.0,62.0,0.125,0.0,71.0,C
106.375,67.0,64.0,0.125,0.0,71.0,C
106.5,0.0,0.0,0.125,0.0,71.0,R
106.625,63.0,62.0,0.125,0.0,72.0,C
106.625,68.0,65.0,0.125,0.0,72.0,C
106.75,0.0,0.0,0.125,0.0,72.0,R
106.875,63.0,62.0,0.125,0.0,72.0,C
106.875,68.0,65.0,0.125,0.0,72.0,C
107.0,0.0,0.0,0.125,0.0,72.0,R
107.125,63.0,62.0,0.125,0.0,72.0,C
107.125,67.0,64.0,0.125,0.0,72.0,C
107.25,0.0,0.0,0.125,0.0,72.0,R
107.375,63.0,62.0,0.125,0.0,72.0,C
107.375,67.0,64.0,0.125,0.0,72.0,C
107.5,0.0,0.0,0.125,0.0,72.0,R
107.625,63.0,62.0,0.125,0.0,72.0,C
107.625,66.0,64.0,0.125,0.0,72.0,C
107.625,68.0,65.0,0.125,0.0,72.0,C
107.75,0.0,0.0,0.125,0.0,72.0,R
107.875,63.0,62.0,0.125,0.0,72.0,C
107.875,66.0,64.0,0.125,0.0,72.0,C
107.875,68.0,65.0,0.125,0.0,72.0,C
108.0,0.0,0.0,0.125,0.0,72.0,R
108.125,65.0,63.0,0.125,0.0,73.0,C
108.125,68.0,65.0,0.125,0.0,73.0,C
108.25,0.0,0.0,0.125,0.0,73.0,R
108.375,65.0,63.0,0.125,0.0,73.0,C
108.375,68.0,65.0,0.125,0.0,73.0,C
108.5,0.0,0.0,0.125,0.0,73.0,R
108.625,68.0,65.0,0.125,0.0,73.0,C
108.625,80.0,72.0,0.125,0.0,73.0,C
108.75,0.0,0.0,0.125,0.0,73.0,R
108.875,68.0,65.0,0.125,0.0,73.0,C
108.875,80.0,72.0,0.125,0.0,73.0,C
109.0,0.0,0.0,0.125,0.0,73.0,R
109.125,68.0,65.0,0.125,0.0,73.0,C
109.125,80.0,72.0,0.125,0.0,73.0,C
109.25,0.0,0.0,0.125,0.0,73.0,R
109.375,68.0,65.0,0.125,0.0,73.0,C
109.375,80.0,72.0,0.125,0.0,73.0,C
109.5,0.0,0.0,0.125,0.0,73.0,R
109.625,68.0,65.0,0.125,0.0,74.0,C
109.625,80.0,72.0,0.125,0.0,74.0,C
109.75,0.0,0.0,0.125,0.0,74.0,R
109.875,68.0,65.0,0.125,0.0,74.0,C
109.875,80.0,72.0,0.125,0.0,74.0,C
110.0,0.0,0.0,0.125,0.0,74.0,R
110.125,67.0,64.0,0.125,0.0,74.0,C
110.125,79.0,71.0,0.125,0.0,74.0,C
110.25,0.0,0.0,0.125,0.0,74.0,R
110.375,67.0,64.0,0.125,0.0,74.0,C
110.375,79.0,71.0,0.125,0.0,74.0,C
110.5,0.0,0.0,0.125,0.0,74.0,R
110.625,68.0,65.0,0.125,0.0,74.0,C
110.625,80.0,72.0,0.125,0.0,74.0,C
110.75,0.0,0.0,0.125,0.0,74.0,R
110.875,68.0,65.0,0.125,0.0,74.0,C
110.875,80.0,72.0,0.125,0.0,74.0,C
111.0,0.0,0.0,0.125,0.0,74.0,R
111.125,73.0,68.0,0.125,0.0,75.0,C
111.125,85.0,75.0,0.125,0.0,75.0,C
111.25,0.0,0.0,0.125,0.0,75.0,R
111.375,65.0,63.0,0.125,0.0,75.0,C
111.375,77.0,70.0,0.125,0.0,75.0,C
111.5,0.0,0.0,0.125,0.0,75.0,R
111.625,64.0,63.0,0.125,0.0,75.0,C
111.625,76.0,70.0,0.125,0.0,75.0,C
111.75,0.0,0.0,0.125,0.0,75.0,R
111.875,63.0,62.0,0.125,0.0,75.0,C
111.875,75.0,69.0,0.125,0.0,75.0,C
112.0,0.0,0.0,0.125,0.0,75.0,R
112.125,63.0,62.0,0.125,0.0,75.0,C
112.125,75.0,69.0,0.125,0.0,75.0,C
112.25,0.0,0.0,0.125,0.0,75.0,R
112.375,63.0,62.0,0.125,0.0,75.0,C
112.375,75.0,69.0,0.125,0.0,75.0,C
112.5,0.0,0.0,0.125,0.0,75.0,R
112.625,63.0,62.0,0.125,0.0,76.0,C
112.625,66.0,63.0,0.125,0.0,76.0,C
112.625,75.0,69.0,0.125,0.0,76.0,C
112.75,0.0,0.0,0.125,0.0,76.0,R
112.875,63.0,62.0,0.125,0.0,76.0,C
112.875,66.0,63.0,0.125,0.0,76.0,C
112.875,75.0,69.0,0.125,0.0,76.0,C
113.0,0.0,0.0,0.125,0.0,76.0,R
113.125,63.0,62.0,0.125,0.0,76.0,C
113.125,67.0,64.0,0.125,0.0,76.0,C
113.125,75.0,69.0,0.125,0.0,76.0,C
113.25,0.0,0.0,0.125,0.0,76.0,R
113.375,63.0,62.0,0.125,0.0,76.0,C
113.375,67.0,64.0,0.125,0.0,76.0,C
113.375,75.0,69.0,0.125,0.0,76.0,C
113.5,0.0,0.0,0.125,0.0,76.0,R
113.625,63.0,62.0,0.125,0.0,76.0,C
113.625,75.0,69.0,0.125,0.0,76.0,C
113.75,0.0,0.0,0.125,0.0,76.0,R
113.875,63.0,62.0,0.125,0.0,76.0,C
113.875,75.0,69.0,0.125,0.0,76.0,C
114.0,0.0,0.0,0.125,0.0,76.0,R
114.125,63.0,62.0,0.125,0.0,77.0,C
114.125,72.0,67.0,0.125,0.0,77.0,C
114.125,75.0,69.0,0.125,0.0,77.0,C
114.25,0.0,0.0,0.125,0.0,77.0,R
114.375,63.0,62.0,0.125,0.0,77.0,C
114.375,72.0,67.0,0.125,0.0,77.0,C
114.375,75.0,69.0,0.125,0.0,77.0,C
114.5,0.0,0.0,0.125,0.0,77.0,R
114.625,63.0,62.0,0.125,0.0,77.0,C
114.625,72.0,67.0,0.125,0.0,77.0,C
114.625,75.0,69.0,0.125,0.0,77.0,C
114.75,0.0,0.0,0.125,0.0,77.0,R
114.875,63.0,62.0,0.125,0.0,77.0,C
114.875,72.0,67.0,0.125,0.0,77.0,C
114.875,75.0,69.0,0.125,0.0,77.0,C
115.0,0.0,0.0,0.125,0.0,77.0,R
115.125,63.0,62.0,0.125,0.0,77.0,C
115.125,72.0,67.0,0.125,0.0,77.0,C
115.125,75.0,69.0,0.125,0.0,77.0,C
115.25,0.0,0.0,0.125,0.0,77.0,R
115.375,63.0,62.0,0.125,0.0,77.0,C
115.375,72.0,67.0,0.125,0.0,77.0,C
115.375,75.0,69.0,0.125,0.0,77.0,C
115.5,0.0,0.0,0.125,0.0,77.0,R
115.625,63.0,62.0,0.125,0.0,78.0,C
115.625,73.0,68.0,0.125,0.0,78.0,C
115.625,75.0,69.0,0.125,0.0,78.0,C
115.75,0.0,0.0,0.125,0.0,78.0,R
115.875,63.0,62.0,0.125,0.0,78.0,C
115.875,73.0,68.0,0.125,0.0,78.0,C
115.875,75.0,69.0,0.125,0.0,78.0,C
116.0,0.0,0.0,0.125,0.0,78.0,R
116.125,63.0,62.0,0.125,0.0,78.0,C
116.125,73.0,68.0,0.125,0.0,78.0,C
116.125,75.0,69.0,0.125,0.0,78.0,C
116.25,0.0,0.0,0.125,0.0,78.0,R
116.375,63.0,62.0,0.125,0.0,78.0,C
116.375,73.0,68.0,0.125,0.0,78.0,C
116.375,75.0,69.0,0.125,0.0,78.0,C
116.5,0.0,0.0,0.125,0.0,78.0,R
116.625,63.0,62.0,0.125,0.0,78.0,C
116.625,73.0,68.0,0.125,0.0,78.0,C
116.625,75.0,69.0,0.125,0.0,78.0,C
116.75,0.0,0.0,0.125,0.0,78.0,R
116.875,63.0,62.0,0.125,0.0,78.0,C
116.875,67.0,64.0,0.125,0.0,78.0,C
116.875,75.0,69.0,0.125,0.0,78.0,C
117.0,0.0,0.0,0.125,0.0,78.0,R
117.125,63.0,62.0,0.125,0.0,79.0,C
117.125,68.0,65.0,0.125,0.0,79.0,C
117.125,75.0,69.0,0.125,0.0,79.0,C
117.25,0.0,0.0,0.125,0.0,79.0,R
117.375,63.0,62.0,0.125,0.0,79.0,C
117.375,72.0,67.0,0.125,0.0,79.0,C
117.375,75.0,69.0,0.125,0.0,79.0,C
117.5,0.0,0.0,0.125,0.0,79.0,R
117.625,63.0,62.0,0.125,0.0,79.0,C
117.625,68.0,65.0,0.125,0.0,79.0,C
117.625,75.0,69.0,0.125,0.0,79.0,C
117.75,0.0,0.0,0.125,0.0,79.0,R
117.875,63.0,62.0,0.125,0.0,79.0,C
117.875,72.0,67.0,0.125,0.0,79.0,C
117.875,75.0,69.0,0.125,0.0,79.0,C
118.0,0.0,0.0,0.125,0.0,79.0,R
118.125,63.0,62.0,0.125,0.0,79.0,C
118.125,70.0,66.0,0.125,0.0,79.0,C
118.125,75.0,69.0,0.125,0.0,79.0,C
118.25,0.0,0.0,0.125,0.0,79.0,R
118.375,63.0,62.0,0.125,0.0,79.0,C
118.375,73.0,68.0,0.125,0.0,79.0,C
118.375,75.0,69.0,0.125,0.0,79.0,C
118.5,0.0,0.0,0.125,0.0,79.0,R
118.625,63.0,62.0,0.125,0.0,80.0,C
118.625,68.0,65.0,0.125,0.0,80.0,C
118.625,72.0,67.0,0.125,0.0,80.0,C
118.625,75.0,69.0,0.125,0.0,80.0,C
118.75,0.0,0.0,0.125,0.0,80.0,R
118.875,63.0,62.0,0.125,0.0,80.0,C
118.875,68.0,65.0,0.125,0.0,80.0,C
118.875,72.0,67.0,0.125,0.0,80.0,C
118.875,75.0,69.0,0.125,0.0,80.0,C
119.0,0.0,0.0,0.125,0.0,80.0,R
119.125,63.0,62.0,0.125,0.0,80.0,C
119.125,67.0,64.0,0.125,0.0,80.0,C
119.125,70.0,66.0,0.125,0.0,80.0,C
119.125,75.0,69.0,0.125,0.0,80.0,C
119.25,0.0,0.0,0.125,0.0,80.0,R
119.375,63.0,62.0,0.125,0.0,80.0,C
119.375,67.0,64.0,0.125,0.0,80.0,C
119.375,70.0,66.0,0.125,0.0,80.0,C
119.375,75.0,69.0,0.125,0.0,80.0,C
119.5,0.0,0.0,0.125,0.0,80.0,R
119.625,63.0,62.0,0.125,0.0,80.0,C
119.625,66.0,64.0,0.125,0.0,80.0,C
119.625,68.0,65.0,0.125,0.0,80.0,C
119.625,75.0,69.0,0.125,0.0,80.0,C
119.75,0.0,0.0,0.125,0.0,80.0,R
119.875,63.0,62.0,0.125,0.0,80.0,C
119.875,66.0,64.0,0.125,0.0,80.0,C
119.875,68.0,65.0,0.125,0.0,80.0,C
119.875,75.0,69.0,0.125,0.0,80.0,C
120.0,0.0,0.0,0.125,0.0,80.0,R
120.125,65.0,63.0,0.125,0.0,81.0,C
120.125,68.0,65.0,0.125,0.0,81.0,C
120.125,77.0,70.0,0.125,0.0,81.0,C
120.25,0.0,0.0,0.125,0.0,81.0,R
120.375,65.0,63.0,0.125,0.0,81.0,C
120.375,68.0,65.0,0.125,0.0,81.0,C
120.375,77.0,70.0,0.125,0.0,81.0,C
120.5,0.0,0.0,0.125,0.0,81.0,R
120.625,68.0,65.0,0.125,0.0,81.0,C
120.625,80.0,72.0,0.125,0.0,81.0,C
120.75,0.0,0.0,0.125,0.0,81.0,R
120.875,68.0,65.0,0.125,0.0,81.0,C
120.875,80.0,72.0,0.125,0.0,81.0,C
121.0,0.0,0.0,0.125,0.0,81.0,R
121.125,68.0,65.0,0.125,0.0,81.0,C
121.125,80.0,72.0,0.125,0.0,81.0,C
121.25,0.0,0.0,0.125,0.0,81.0,R
121.375,68.0,65.0,0.125,0.0,81.0,C
121.375,80.0,72.0,0.125,0.0,81.0,C
121.5,0.0,0.0,0.125,0.0,81.0,R
121.625,68.0,65.0,0.125,0.0,82.0,C
121.625,80.0,72.0,0.125,0.0,82.0,C
121.75,0.0,0.0,0.125,0.0,82.0,R
121.875,68.0,65.0,0.125,0.0,82.0,C
121.875,80.0,72.0,0.125,0.0,82.0,C
122.0,0.0,0.0,0.125,0.0,82.0,R
122.125,67.0,64.0,0.125,0.0,82.0,C
122.125,79.0,71.0,0.125,0.0,82.0,C
122.25,0.0,0.0,0.125,0.0,82.0,R
122.375,67.0,64.0,0.125,0.0,82.0,C
122.375,79.0,71.0,0.125,0.0,82.0,C
122.5,0.0,0.0,0.125,0.0,82.0,R
122.625,68.0,65.0,0.125,0.0,82.0,C
122.625,80.0,72.0,0.125,0.0,82.0,C
122.75,0.0,0.0,0.125,0.0,82.0,R
122.875,68.0,65.0,0.125,0.0,82.0,C
122.875,80.0,72.0,0.125,0.0,82.0,C
123.0,0.0,0.0,0.125,0.0,82.0,R
123.125,63.0,62.0,0.125,0.0,83.0,C
123.125,72.0,67.0,0.125,0.0,83.0,C
123.125,75.0,69.0,0.125,0.0,83.0,C
123.25,0.0,0.0,0.125,0.0,83.0,R
123.375,63.0,62.0,0.125,0.0,83.0,C
123.375,72.0,67.0,0.125,0.0,83.0,C
123.375,75.0,69.0,0.125,0.0,83.0,C
123.5,0.0,0.0,0.125,0.0,83.0,R
123.625,63.0,62.0,0.125,0.0,83.0,C
123.625,68.0,65.0,0.125,0.0,83.0,C
123.625,72.0,67.0,0.125,0.0,83.0,C
123.625,75.0,69.0,0.125,0.0,83.0,C
123.75,0.0,0.0,0.125,0.0,83.0,R
123.875,63.0,62.0,0.125,0.0,83.0,C
123.875,68.0,65.0,0.125,0.0,83.0,C
123.875,72.0,67.0,0.125,0.0,83.0,C
123.875,75.0,69.0,0.125,0.0,83.0,C
124.0,0.0,0.0,0.125,0.0,83.0,R
124.125,61.0,61.0,0.125,0.0,83.0,C
124.125,63.0,62.0,0.125,0.0,83.0,C
124.125,67.0,64.0,0.125,0.0,83.0,C
124.25,0.0,0.0,0.125,0.0,83.0,R
124.375,61.0,61.0,0.125,0.0,83.0,C
124.375,63.0,62.0,0.125,0.0,83.0,C
124.375,67.0,64.0,0.125,0.0,83.0,C
124.5,0.0,0.0,0.125,0.0,83.0,R
124.625,60.0,60.0,0.125,0.0,84.0,C
124.625,63.0,62.0,0.125,0.0,84.0,C
124.625,68.0,65.0,0.125,0.0,84.0,C
124.75,0.0,0.0,0.125,0.0,84.0,R
124.875,60.0,60.0,0.125,0.0,84.0,C
124.875,63.0,62.0,0.125,0.0,84.0,C
124.875,68.0,65.0,0.125,0.0,84.0,C
125.0,0.0,0.0,0.625,0.0,84.0,R
125.625,65.0,63.0,0.125,0.0,84.0,C
125.625,77.0,70.0,0.125,0.0,84.0,C
125.75,0.0,0.0,0.125,0.0,84.0,R
125.875,65.0,63.0,0.125,0.0,84.0,C
125.875,77.0,70.0,0.125,0.0,84.0,C
126.0,0.0,0.0,0.125,0.0,84.0,R
126.125,65.0,63.0,0.125,0.0,85.0,C
126.125,77.0,70.0,0.125,0.0,85.0,C
126.25,0.0,0.0,0.125,0.0,85.0,R
126.375,77.0,70.0,0.125,0.0,85.0,C
126.375,89.0,77.0,0.125,0.0,85.0,C
126.5,0.0,0.0,0.125,0.0,85.0,R
126.625,76.0,69.0,0.125,0.0,85.0,C
126.625,88.0,76.0,0.125,0.0,85.0,C
126.75,0.0,0.0,0.125,0.0,85.0,R
126.875,76.0,69.0,0.125,0.0,85.0,C
126.875,88.0,76.0,0.125,0.0,85.0,C
127.0,0.0,0.0,0.125,0.0,85.0,R
127.125,75.0,69.0,0.125,0.0,85.0,C
127.125,87.0,76.0,0.125,0.0,85.0,C
127.25,0.0,0.0,0.125,0.0,85.0,R
127.375,75.0,69.0,0.125,0.0,85.0,C
127.375,87.0,76.0,0.125,0.0,85.0,C
127.5,0.0,0.0,0.125,0.0,85.0,R
127.625,73.0,68.0,0.125,0.0,86.0,C
127.625,85.0,75.0,0.125,0.0,86.0,C
127.75,0.0,0.0,0.125,0.0,86.0,R
127.875,73.0,68.0,0.125,0.0,86.0,C
127.875,85.0,75.0,0.125,0.0,86.0,C
128.0,0.0,0.0,0.125,0.0,86.0,R
128.125,70.0,66.0,0.125,0.0,86.0,C
128.125,82.0,73.0,0.125,0.0,86.0,C
128.25,0.0,0.0,0.125,0.0,86.0,R
128.375,70.0,66.0,0.125,0.0,86.0,C
128.375,82.0,73.0,0.125,0.0,86.0,C
128.5,0.0,0.0,0.125,0.0,86.0,R
128.625,65.0,63.0,0.125,0.0,86.0,C
128.625,73.0,68.0,0.125,0.0,86.0,C
128.625,77.0,70.0,0.125,0.0,86.0,C
128.75,0.0,0.0,0.125,0.0,86.0,R
128.875,64.0,63.0,0.125,0.0,86.0,C
128.875,73.0,68.0,0.125,0.0,86.0,C
128.875,76.0,70.0,0.125,0.0,86.0,C
129.0,0.0,0.0,0.125,0.0,86.0,R
129.125,63.0,62.0,0.125,0.0,87.0,C
129.125,73.0,68.0,0.125,0.0,87.0,C
129.125,75.0,69.0,0.125,0.0,87.0,C
129.25,0.0,0.0,0.125,0.0,87.0,R
129.375,75.0,69.0,0.125,0.0,87.0,C
129.375,87.0,76.0,0.125,0.0,87.0,C
129.5,0.0,0.0,0.125,0.0,87.0,R
129.625,74.0,68.0,0.125,0.0,87.0,C
129.625,86.0,75.0,0.125,0.0,87.0,C
129.75,0.0,0.0,0.125,0.0,87.0,R
129.875,74.0,68.0,0.125,0.0,87.0,C
129.875,86.0,75.0,0.125,0.0,87.0,C
130.0,0.0,0.0,0.125,0.0,87.0,R
130.125,73.0,68.0,0.125,0.0,87.0,C
130.125,85.0,75.0,0.125,0.0,87.0,C
130.25,0.0,0.0,0.125,0.0,87.0,R
130.375,73.0,68.0,0.125,0.0,87.0,C
130.375,85.0,75.0,0.125,0.0,87.0,C
130.5,0.0,0.0,0.125,0.0,87.0,R
130.625,72.0,67.0,0.125,0.0,88.0,C
130.625,84.0,74.0,0.125,0.0,88.0,C
130.75,0.0,0.0,0.125,0.0,88.0,R
130.875,72.0,67.0,0.125,0.0,88.0,C
130.875,84.0,74.0,0.125,0.0,88.0,C
131.0,0.0,0.0,0.125,0.0,88.0,R
131.125,68.0,65.0,0.125,0.0,88.0,C
131.125,80.0,72.0,0.125,0.0,88.0,C
131.25,0.0,0.0,0.125,0.0,88.0,R
131.375,68.0,65.0,0.125,0.0,88.0,C
131.375,80.0,72.0,0.125,0.0,88.0,C
131.5,0.0,0.0,0.125,0.0,88.0,R
131.625,68.0,65.0,0.125,0.0,88.0,C
131.625,80.0,72.0,0.125,0.0,88.0,C
131.75,0.0,0.0,0.125,0.0,88.0,R
131.875,68.0,65.0,0.125,0.0,88.0,C
131.875,80.0,72.0,0.125,0.0,88.0,C
132.0,0.0,0.0,0.125,0.0,88.0,R
132.125,68.0,65.0,0.125,0.0,89.0,C
132.125,80.0,72.0,0.125,0.0,89.0,C
132.25,0.0,0.0,0.125,0.0,89.0,R
132.375,68.0,65.0,0.125,0.0,89.0,C
132.375,80.0,72.0,0.125,0.0,89.0,C
132.5,0.0,0.0,0.125,0.0,89.0,R
132.625,68.0,65.0,0.125,0.0,89.0,C
132.625,80.0,72.0,0.125,0.0,89.0,C
132.75,0.0,0.0,0.125,0.0,89.0,R
132.875,68.0,65.0,0.125,0.0,89.0,C
132.875,80.0,72.0,0.125,0.0,89.0,C
133.0,0.0,0.0,0.125,0.0,89.0,R
133.125,67.0,64.0,0.125,0.0,89.0,C
133.125,79.0,71.0,0.125,0.0,89.0,C
133.25,0.0,0.0,0.125,0.0,89.0,R
133.375,67.0,64.0,0.125,0.0,89.0,C
133.375,79.0,71.0,0.125,0.0,89.0,C
133.5,0.0,0.0,0.125,0.0,89.0,R
133.625,72.0,67.0,0.125,0.0,90.0,C
133.625,84.0,74.0,0.125,0.0,90.0,C
133.75,0.0,0.0,0.125,0.0,90.0,R
133.875,72.0,67.0,0.125,0.0,90.0,C
133.875,84.0,74.0,0.125,0.0,90.0,C
134.0,0.0,0.0,0.125,0.0,90.0,R
134.125,70.0,66.0,0.125,0.0,90.0,C
134.125,72.0,67.0,0.125,0.0,90.0,C
134.125,76.0,69.0,0.125,0.0,90.0,C
134.25,0.0,0.0,0.125,0.0,90.0,R
134.375,70.0,66.0,0.125,0.0,90.0,C
134.375,72.0,67.0,0.125,0.0,90.0,C
134.375,76.0,69.0,0.125,0.0,90.0,C
134.5,0.0,0.0,0.125,0.0,90.0,R
134.625,68.0,65.0,0.125,0.0,90.0,C
134.625,72.0,67.0,0.125,0.0,90.0,C
134.625,77.0,70.0,0.125,0.0,90.0,C
134.75,0.0,0.0,0.125,0.0,90.0,R
134.875,68.0,65.0,0.125,0.0,90.0,C
134.875,72.0,67.0,0.125,0.0,90.0,C
134.875,77.0,70.0,0.125,0.0,90.0,C
135.0,0.0,0.0,0.125,0.0,90.0,R
135.125,67.0,64.0,0.125,0.0,91.0,C
135.125,79.0,71.0,0.125,0.0,91.0,C
135.25,0.0,0.0,0.125,0.0,91.0,R
135.375,67.0,64.0,0.125,0.0,91.0,C
135.375,79.0,71.0,0.125,0.0,91.0,C
135.5,0.0,0.0,0.125,0.0,91.0,R
135.625,67.0,64.0,0.125,0.0,91.0,C
135.625,79.0,71.0,0.125,0.0,91.0,C
135.75,0.0,0.0,0.125,0.0,91.0,R
135.875,67.0,64.0,0.125,0.0,91.0,C
135.875,79.0,71.0,0.125,0.0,91.0,C
136.0,0.0,0.0,0.125,0.0,91.0,R
136.125,68.0,65.0,0.125,0.0,91.0,C
136.125,77.0,70.0,0.125,0.0,91.0,C
136.125,80.0,72.0,0.125,0.0,91.0,C
136.25,0.0,0.0,0.125,0.0,91.0,R
136.375,68.0,65.0,0.125,0.0,91.0,C
136.375,77.0,70.0,0.125,0.0,91.0,C
136.375,80.0,72.0,0.125,0.0,91.0,C
136.5,0.0,0.0,0.125,0.0,91.0,R
136.625,67.0,64.0,0.125,0.0,92.0,C
136.625,77.0,70.0,0.125,0.0,92.0,C
136.625,79.0,71.0,0.125,0.0,92.0,C
136.75,0.0,0.0,0.125,0.0,92.0,R
136.875,67.0,64.0,0.125,0.0,92.0,C
136.875,75.0,69.0,0.125,0.0,92.0,C
136.875,79.0,71.0,0.125,0.0,92.0,C
137.0,0.0,0.0,0.125,0.0,92.0,R
137.125,67.0,64.0,0.125,0.0,92.0,C
137.125,75.0,69.0,0.125,0.0,92.0,C
137.125,79.0,71.0,0.125,0.0,92.0,C
137.25,0.0,0.0,0.125,0.0,92.0,R
137.375,67.0,64.0,0.125,0.0,92.0,C
137.375,75.0,69.0,0.125,0.0,92.0,C
137.375,79.0,71.0,0.125,0.0,92.0,C
137.5,0.0,0.0,0.125,0.0,92.0,R
137.625,72.0,67.0,0.125,0.0,92.0,C
137.625,75.0,69.0,0.125,0.0,92.0,C
137.625,84.0,74.0,0.125,0.0,92.0,C
137.75,0.0,0.0,0.125,0.0,92.0,R
137.875,72.0,67.0,0.125,0.0,92.0,C
137.875,75.0,69.0,0.125,0.0,92.0,C
137.875,84.0,74.0,0.125,0.0,92.0,C
138.0,0.0,0.0,0.125,0.0,92.0,R
138.125,70.0,66.0,0.125,0.0,93.0,C
138.125,75.0,69.0,0.125,0.0,93.0,C
138.125,79.0,71.0,0.125,0.0,93.0,C
138.125,82.0,73.0,0.125,0.0,93.0,C
138.25,0.0,0.0,0.125,0.0,93.0,R
138.375,70.0,66.0,0.125,0.0,93.0,C
138.375,75.0,69.0,0.125,0.0,93.0,C
138.375,79.0,71.0,0.125,0.0,93.0,C
138.375,82.0,73.0,0.125,0.0,93.0,C
138.5,0.0,0.0,0.125,0.0,93.0,R
138.625,67.0,64.0,0.125,0.0,93.0,C
138.625,70.0,66.0,0.125,0.0,93.0,C
138.625,75.0,69.0,0.125,0.0,93.0,C
138.75,0.0,0.0,0.125,0.0,93.0,R
138.875,67.0,64.0,0.125,0.0,93.0,C
138.875,70.0,66.0,0.125,0.0,93.0,C
138.875,75.0,69.0,0.125,0.0,93.0,C
139.0,0.0,0.0,0.125,0.0,93.0,R
139.125,68.0,65.0,0.125,0.0,93.0,C
139.125,70.0,66.0,0.125,0.0,93.0,C
139.125,77.0,70.0,0.125,0.0,93.0,C
139.25,0.0,0.0,0.125,0.0,93.0,R
139.375,68.0,65.0,0.125,0.0,93.0,C
139.375,70.0,66.0,0.125,0.0,93.0,C
139.375,77.0,70.0,0.125,0.0,93.0,C
139.5,0.0,0.0,0.125,0.0,93.0,R
139.625,67.0,64.0,0.125,0.0,94.0,C
139.625,70.0,66.0,0.125,0.0,94.0,C
139.625,75.0,69.0,0.125,0.0,94.0,C
139.75,0.0,0.0,0.125,0.0,94.0,R
139.875,67.0,64.0,0.125,0.0,94.0,C
139.875,70.0,66.0,0.125,0.0,94.0,C
139.875,75.0,69.0,0.125,0.0,94.0,C
140.0,0.0,0.0,0.125,0.0,94.0,R
140.125,63.0,62.0,0.125,0.0,94.0,C
140.125,68.0,65.0,0.125,0.0,94.0,C
140.125,74.0,68.0,0.125,0.0,94.0,C
140.25,0.0,0.0,0.125,0.0,94.0,R
140.375,63.0,62.0,0.125,0.0,94.0,C
140.375,68.0,65.0,0.125,0.0,94.0,C
140.375,74.0,68.0,0.125,0.0,94.0,C
140.5,0.0,0.0,0.125,0.0,94.0,R
140.625,63.0,62.0,0.125,0.0,94.0,C
140.625,70.0,66.0,0.125,0.0,94.0,C
140.625,73.0,68.0,0.125,0.0,94.0,C
140.75,0.0,0.0,0.125,0.0,94.0,R
140.875,63.0,62.0,0.125,0.0,94.0,C
140.875,70.0,66.0,0.125,0.0,94.0,C
140.875,73.0,68.0,0.125,0.0,94.0,C
141.0,0.0,0.0,0.125,0.0,94.0,R
141.125,63.0,62.0,0.125,0.0,95.0,C
141.125,68.0,65.0,0.125,0.0,95.0,C
141.125,72.0,67.0,0.125,0.0,95.0,C
141.25,0.0,0.0,0.125,0.0,95.0,R
141.375,63.0,62.0,0.125,0.0,95.0,C
141.375,68.0,65.0,0.125,0.0,95.0,C
141.375,72.0,67.0,0.125,0.0,95.0,C
141.375,75.0,69.0,0.125,0.0,95.0,C
141.5,0.0,0.0,0.125,0.0,95.0,R
141.625,63.0,62.0,0.125,0.0,95.0,C
141.625,68.0,65.0,0.125,0.0,95.0,C
141.625,72.0,67.0,0.125,0.0,95.0,C
141.625,75.0,69.0,0.125,0.0,95.0,C
141.75,0.0,0.0,0.125,0.0,95.0,R
141.875,63.0,62.0,0.125,0.0,95.0,C
141.875,68.0,65.0,0.125,0.0,95.0,C
141.875,72.0,67.0,0.125,0.0,95.0,C
141.875,75.0,69.0,0.125,0.0,95.0,C
142.0,0.0,0.0,0.125,0.0,95.0,R
142.125,63.0,62.0,0.125,0.0,95.0,C
142.125,68.0,65.0,0.125,0.0,95.0,C
142.125,72.0,67.0,0.125,0.0,95.0,C
142.125,75.0,69.0,0.125,0.0,95.0,C
142.25,0.0,0.0,0.125,0.0,95.0,R
142.375,63.0,62.0,0.125,0.0,95.0,C
142.375,68.0,65.0,0.125,0.0,95.0,C
142.375,72.0,67.0,0.125,0.0,95.0,C
142.375,75.0,69.0,0.125,0.0,95.0,C
142.5,0.0,0.0,0.125,0.0,95.0,R
142.625,63.0,62.0,0.125,0.0,96.0,C
142.625,70.0,66.0,0.125,0.0,96.0,C
142.625,73.0,68.0,0.125,0.0,96.0,C
142.625,75.0,69.0,0.125,0.0,96.0,C
142.75,0.0,0.0,0.125,0.0,96.0,R
142.875,63.0,62.0,0.125,0.0,96.0,C
142.875,70.0,66.0,0.125,0.0,96.0,C
142.875,73.0,68.0,0.125,0.0,96.0,C
142.875,75.0,69.0,0.125,0.0,96.0,C
143.0,0.0,0.0,0.125,0.0,96.0,R
143.125,63.0,62.0,0.125,0.0,96.0,C
143.125,70.0,66.0,0.125,0.0,96.0,C
143.125,73.0,68.0,0.125,0.0,96.0,C
143.125,75.0,69.0,0.125,0.0,96.0,C
143.25,0.0,0.0,0.125,0.0,96.0,R
143.375,63.0,62.0,0.125,0.0,96.0,C
143.375,70.0,66.0,0.125,0.0,96.0,C
143.375,73.0,68.0,0.125,0.0,96.0,C
143.375,75.0,69.0,0.125,0.0,96.0,C
143.5,0.0,0.0,0.125,0.0,96.0,R
143.625,63.0,62.0,0.125,0.0,96.0,C
143.625,70.0,66.0,0.125,0.0,96.0,C
143.625,73.0,68.0,0.125,0.0,96.0,C
143.625,75.0,69.0,0.125,0.0,96.0,C
143.75,0.0,0.0,0.125,0.0,96.0,R
143.875,63.0,62.0,0.125,0.0,96.0,C
143.875,70.0,66.0,0.125,0.0,96.0,C
143.875,73.0,68.0,0.125,0.0,96.0,C
143.875,75.0,69.0,0.125,0.0,96.0,C
144.0,0.0,0.0,0.125,0.0,96.0,R
144.125,63.0,62.0,0.125,0.0,97.0,C
144.125,68.0,65.0,0.125,0.0,97.0,C
144.125,72.0,67.0,0.125,0.0,97.0,C
144.125,75.0,69.0,0.125,0.0,97.0,C
144.25,0.0,0.0,0.125,0.0,97.0,R
144.375,63.0,62.0,0.125,0.0,97.0,C
144.375,72.0,67.0,0.125,0.0,97.0,C
144.375,75.0,69.0,0.125,0.0,97.0,C
144.5,0.0,0.0,0.125,0.0,97.0,R
144.625,63.0,62.0,0.125,0.0,97.0,C
144.625,68.0,65.0,0.125,0.0,97.0,C
144.625,72.0,67.0,0.125,0.0,97.0,C
144.625,75.0,69.0,0.125,0.0,97.0,C
144.75,0.0,0.0,0.125,0.0,97.0,R
144.875,63.0,62.0,0.125,0.0,97.0,C
144.875,68.0,65.0,0.125,0.0,97.0,C
144.875,72.0,67.0,0.125,0.0,97.0,C
144.875,75.0,69.0,0.125,0.0,97.0,C
145.0,0.0,0.0,0.125,0.0,97.0,R
145.125,63.0,62.0,0.125,0.0,97.0,C
145.125,67.0,64.0,0.125,0.0,97.0,C
145.125,73.0,68.0,0.125,0.0,97.0,C
145.125,75.0,69.0,0.125,0.0,97.0,C
145.25,0.0,0.0,0.125,0.0,97.0,R
145.375,63.0,62.0,0.125,0.0,97.0,C
145.375,67.0,64.0,0.125,0.0,97.0,C
145.375,73.0,68.0,0.125,0.0,97.0,C
145.375,75.0,69.0,0.125,0.0,97.0,C
145.5,0.0,0.0,0.125,0.0,97.0,R
145.625,63.0,62.0,0.125,0.0,98.0,C
145.625,68.0,65.0,0.125,0.0,98.0,C
145.625,75.0,69.0,0.125,0.0,98.0,C
145.75,0.0,0.0,0.125,0.0,98.0,R
145.875,63.0,62.0,0.125,0.0,98.0,C
145.875,68.0,65.0,0.125,0.0,98.0,C
145.875,75.0,69.0,0.125,0.0,98.0,C
146.0,0.0,0.0,0.125,0.0,98.0,R
146.125,63.0,62.0,0.125,0.0,98.0,C
146.125,67.0,64.0,0.125,0.0,98.0,C
146.125,75.0,69.0,0.125,0.0,98.0,C
146.25,0.0,0.0,0.125,0.0,98.0,R
146.375,63.0,62.0,0.125,0.0,98.0,C
146.375,67.0,64.0,0.125,0.0,98.0,C
146.375,75.0,69.0,0.125,0.0,98.0,C
146.5,0.0,0.0,0.125,0.0,98.0,R
146.625,63.0,62.0,0.125,0.0,98.0,C
146.625,66.0,64.0,0.125,0.0,98.0,C
146.625,68.0,65.0,0.125,0.0,98.0,C
146.625,75.0,69.0,0.125,0.0,98.0,C
146.75,0.0,0.0,0.125,0.0,98.0,R
146.875,63.0,62.0,0.125,0.0,98.0,C
146.875,66.0,64.0,0.125,0.0,98.0,C
146.875,68.0,65.0,0.125,0.0,98.0,C
146.875,75.0,69.0,0.125,0.0,98.0,C
147.0,0.0,0.0,0.125,0.0,98.0,R
147.125,65.0,63.0,0.125,0.0,99.0,C
147.125,68.0,65.0,0.125,0.0,99.0,C
147.125,77.0,70.0,0.125,0.0,99.0,C
147.25,0.0,0.0,0.125,0.0,99.0,R
147.375,65.0,63.0,0.125,0.0,99.0,C
147.375,68.0,65.0,0.125,0.0,99.0,C
147.375,77.0,70.0,0.125,0.0,99.0,C
147.5,0.0,0.0,0.125,0.0,99.0,R
147.625,68.0,65.0,0.125,0.0,99.0,C
147.625,80.0,72.0,0.125,0.0,99.0,C
147.75,0.0,0.0,0.125,0.0,99.0,R
147.875,68.0,65.0,0.125,0.0,99.0,C
147.875,80.0,72.0,0.125,0.0,99.0,C
148.0,0.0,0.0,0.125,0.0,99.0,R
148.125,68.0,65.0,0.125,0.0,99.0,C
148.125,80.0,72.0,0.125,0.0,99.0,C
148.25,0.0,0.0,0.125,0.0,99.0,R
148.375,68.0,65.0,0.125,0.0,99.0,C
148.375,80.0,72.0,0.125,0.0,99.0,C
148.5,0.0,0.0,0.125,0.0,99.0,R
148.625,68.0,65.0,0.125,0.0,100.0,C
148.625,80.0,72.0,0.125,0.0,100.0,C
148.75,0.0,0.0,0.125,0.0,100.0,R
148.875,68.0,65.0,0.125,0.0,100.0,C
148.875,80.0,72.0,0.125,0.0,100.0,C
149.0,0.0,0.0,0.125,0.0,100.0,R
149.125,67.0,64.0,0.125,0.0,100.0,C
149.125,79.0,71.0,0.125,0.0,100.0,C
149.25,0.0,0.0,0.125,0.0,100.0,R
149.375,67.0,64.0,0.125,0.0,100.0,C
149.375,79.0,71.0,0.125,0.0,100.0,C
149.5,0.0,0.0,0.125,0.0,100.0,R
149.625,68.0,65.0,0.125,0.0,100.0,C
149.625,80.0,72.0,0.125,0.0,100.0,C
149.75,0.0,0.0,0.125,0.0,100.0,R
149.875,68.0,65.0,0.125,0.0,100.0,C
149.875,80.0,72.0,0.125,0.0,100.0,C
150.0,0.0,0.0,0.125,0.0,100.0,R
150.125,63.0,62.0,0.125,0.0,101.0,C
150.125,72.0,67.0,0.125,0.0,101.0,C
150.125,75.0,69.0,0.125,0.0,101.0,C
150.25,0.0,0.0,0.125,0.0,101.0,R
150.375,63.0,62.0,0.125,0.0,101.0,C
150.375,72.0,67.0,0.125,0.0,101.0,C
150.375,75.0,69.0,0.125,0.0,101.0,C
150.5,0.0,0.0,0.125,0.0,101.0,R
150.625,63.0,62.0,0.125,0.0,101.0,C
150.625,68.0,65.0,0.125,0.0,101.0,C
150.625,72.0,67.0,0.125,0.0,101.0,C
150.625,75.0,69.0,0.125,0.0,101.0,C
150.75,0.0,0.0,0.125,0.0,101.0,R
150.875,63.0,62.0,0.125,0.0,101.0,C
150.875,68.0,65.0,0.125,0.0,101.0,C
150.875,72.0,67.0,0.125,0.0,101.0,C
150.875,75.0,69.0,0.125,0.0,101.0,C
151.0,0.0,0.0,0.125,0.0,101.0,R
151.125,61.0,61.0,0.125,0.0,101.0,C
151.125,63.0,62.0,0.125,0.0,101.0,C
151.125,67.0,64.0,0.125,0.0,101.0,C
151.25,61.0,61.0,0.125,0.0,101.0,C
151.25,63.0,62.0,0.125,0.0,101.0,C
151.25,67.0,64.0,0.125,0.0,101.0,C
151.375,0.0,0.0,0.25,0.0,101.0,R
151.625,60.0,60.0,0.125,0.0,102.0,C
151.625,63.0,62.0,0.125,0.0,102.0,C
151.625,68.0,65.0,0.125,0.0,102.0,C
151.75,0.0,0.0,0.125,0.0,102.0,R
151.875,60.0,60.0,0.125,0.0,102.0,C
151.875,63.0,62.0,0.125,0.0,102.0,C
151.875,68.0,65.0,0.125,0.0,102.0,C
152.0,0.0,0.0,4.0,0.0,102.0,R
152.0,0.0,0.0,2.0,0.0,103.0,R
154.0,0.0,0.0,1.0,0.0,103.0,R
159.0,58.0,59.0,0.25,0.0,107.0,N
159.25,60.0,60.0,0.5,0.0,107.0,N
159.75,60.0,60.0,0.5,0.0,107.0,N
160.25,60.0,60.0,0.5,0.0,107.0,N
160.75,61.0,61.0,0.5,0.0,108.0,N
161.25,61.0,61.0,0.5,0.0,108.0,N
161.75,61.0,61.0,0.5,0.0,108.0,N
162.25,62.0,61.0,0.5,0.0,109.0,N
162.75,62.0,61.0,0.5,0.0,109.0,N
163.25,62.0,61.0,0.25,0.0,109.0,N
163.5,62.0,61.0,0.5,0.0,110.0,N
164.0,63.0,62.0,0.5,0.0,110.0,N
164.5,51.0,55.0,0.25,0.0,110.0,C
164.5,63.0,62.0,0.25,0.0,110.0,C
164.75,51.0,55.0,0.5,0.0,110.0,N
164.75,63.0,62.0,0.25,0.0,110.0,N
165.0,0.0,0.0,0.25,0.0,110.0,R
165.25,56.0,58.0,0.5,0.0,111.0,C
165.25,68.0,65.0,0.5,0.0,111.0,C
165.75,56.0,58.0,0.5,0.0,111.0,C
165.75,68.0,65.0,0.5,0.0,111.0,C
166.25,56.0,58.0,0.5,0.0,111.0,N
166.25,68.0,65.0,0.25,0.0,111.0,N
166.5,0.0,0.0,0.25,0.0,111.0,R
166.75,55.0,57.0,0.5,0.0,112.0,C
166.75,67.0,64.0,0.5,0.0,112.0,C
167.25,55.0,57.0,0.5,0.0,112.0,C
167.25,67.0,64.0,0.5,0.0,112.0,C
167.75,55.0,57.0,0.5,0.0,112.0,N
167.75,67.0,64.0,0.25,0.0,112.0,N
168.0,0.0,0.0,0.25,0.0,112.0,R
168.25,56.0,58.0,0.5,0.0,113.0,C
168.25,68.0,65.0,0.5,0.0,113.0,C
168.75,56.0,58.0,0.5,0.0,113.0,C
168.75,68.0,65.0,0.5,0.0,113.0,C
169.25,56.0,58.0,0.5,0.0,113.0,N
169.25,68.0,65.0,0.25,0.0,113.0,N
169.5,0.0,0.0,0.25,0.0,113.0,R
169.75,57.0,59.0,0.5,0.0,114.0,C
169.75,69.0,66.0,0.5,0.0,114.0,C
170.25,57.0,59.0,0.5,0.0,114.0,C
170.25,69.0,66.0,0.5,0.0,114.0,C
170.75,57.0,59.0,0.5,0.0,114.0,N
170.75,69.0,66.0,0.25,0.0,114.0,N
171.0,0.0,0.0,0.25,0.0,114.0,R
171.25,60.0,60.0,0.5,0.0,115.0,C
171.25,72.0,67.0,0.5,0.0,115.0,C
171.75,60.0,60.0,0.5,0.0,115.0,C
171.75,72.0,67.0,0.5,0.0,115.0,C
172.25,60.0,60.0,0.5,0.0,115.0,N
172.25,72.0,67.0,0.25,0.0,115.0,N
172.5,0.0,0.0,0.25,0.0,115.0,R
172.75,61.0,61.0,0.5,0.0,116.0,C
172.75,73.0,68.0,0.5,0.0,116.0,C
173.25,61.0,61.0,0.5,0.0,116.0,C
173.25,73.0,68.0,0.5,0.0,116.0,C
173.75,62.0,61.0,0.5,0.0,116.0,N
173.75,74.0,68.0,0.25,0.0,116.0,N
174.0,0.0,0.0,0.25,0.0,116.0,R
174.25,63.0,62.0,0.5,0.0,117.0,C
174.25,75.0,69.0,0.5,0.0,117.0,C
174.75,63.0,62.0,0.5,0.0,117.0,C
174.75,75.0,69.0,0.5,0.0,117.0,C
175.25,63.0,62.0,0.25,0.0,117.0,C
175.25,75.0,69.0,0.25,0.0,117.0,C
175.5,68.0,65.0,0.5,0.0,118.0,N
176.0,0.0,0.0,0.5,0.0,118.0,R
176.5,69.0,66.0,2.5,0.0,118.0,N
177.0,69.0,66.0,0.5,0.0,119.0,N
177.0,75.0,69.0,1.5,0.0,119.0,C
177.0,78.0,71.0,1.5,0.0,119.0,C
177.5,68.0,65.0,0.5,0.0,119.0,N
178.0,72.0,67.0,0.5,0.0,119.0,N
178.5,68.0,65.0,1.0,0.0,120.0,N
178.5,73.0,68.0,0.5,0.0,120.0,C
178.5,78.0,71.0,0.5,0.0,120.0,C
179.0,76.0,70.0,0.5,0.0,120.0,N
179.5,64.0,63.0,0.5,0.0,120.0,N
180.0,64.0,63.0,0.5,0.0,121.0,N
180.0,70.0,66.0,2.0,0.0,121.0,N
180.0,73.0,68.0,1.5,0.0,121.0,N
180.5,63.0,62.0,0.5,0.0,121.0,N
181.0,67.0,64.0,0.5,0.0,121.0,N
181.5,63.0,62.0,1.0,0.0,122.0,N
181.5,68.0,65.0,0.5,0.0,122.0,C
181.5,73.0,68.0,0.5,0.0,122.0,C
182.0,71.0,67.0,0.5,0.0,122.0,N
182.5,59.0,60.0,0.25,0.0,122.0,C
182.5,71.0,67.0,0.25,0.0,122.0,C
182.75,59.0,60.0,0.5,0.0,122.0,N
182.75,71.0,67.0,0.25,0.0,122.0,N
183.0,0.0,0.0,0.25,0.0,122.0,R
183.25,58.0,59.0,0.5,0.0,123.0,C
183.25,70.0,66.0,0.5,0.0,123.0,C
183.75,58.0,59.0,0.25,0.0,123.0,C
183.75,70.0,66.0,0.25,0.0,123.0,C
184.0,68.0,65.0,0.25,0.0,123.0,C
184.0,80.0,72.0,0.25,0.0,123.0,C
184.25,68.0,65.0,0.5,0.0,123.0,N
184.25,80.0,72.0,0.25,0.0,123.0,N
184.5,0.0,0.0,0.25,0.0,123.0,R
184.75,66.0,64.0,0.5,0.0,124.0,C
184.75,78.0,71.0,0.5,0.0,124.0,C
185.25,66.0,64.0,0.25,0.0,124.0,C
185.25,78.0,71.0,0.25,0.0,124.0,C
185.5,65.0,63.0,0.25,0.0,124.0,C
185.5,77.0,70.0,0.25,0.0,124.0,C
185.75,65.0,63.0,0.5,0.0,124.0,N
185.75,77.0,70.0,0.25,0.0,124.0,N
186.0,0.0,0.0,0.25,0.0,124.0,R
186.25,63.0,62.0,0.5,0.0,125.0,C
186.25,75.0,69.0,0.5,0.0,125.0,C
186.75,63.0,62.0,0.25,0.0,125.0,C
186.75,75.0,69.0,0.25,0.0,125.0,C
187.0,62.0,61.0,0.25,0.0,125.0,C
187.0,74.0,68.0,0.25,0.0,125.0,C
187.25,62.0,61.0,0.25,0.0,125.0,C
187.25,74.0,68.0,0.25,0.0,125.0,C
187.5,62.0,61.0,0.25,0.0,126.0,C
187.5,74.0,68.0,0.25,0.0,126.0,C
187.75,63.0,62.0,0.5,0.0,126.0,C
187.75,75.0,69.0,0.5,0.0,126.0,C
188.25,63.0,62.0,0.25,0.0,126.0,C
188.25,75.0,69.0,0.25,0.0,126.0,C
188.5,65.0,63.0,0.25,0.0,126.0,C
188.5,77.0,70.0,0.25,0.0,126.0,C
188.75,65.0,63.0,0.5,0.0,126.0,N
188.75,77.0,70.0,0.25,0.0,126.0,N
189.0,0.0,0.0,0.25,0.0,126.0,R
189.25,63.0,62.0,0.5,0.0,127.0,C
189.25,75.0,69.0,0.5,0.0,127.0,C
189.75,63.0,62.0,0.25,0.0,127.0,C
189.75,75.0,69.0,0.25,0.0,127.0,C
190.0,62.0,61.0,0.25,0.0,127.0,C
190.0,74.0,68.0,0.25,0.0,127.0,C
190.25,62.0,61.0,0.5,0.0,127.0,N
190.25,74.0,68.0,0.25,0.0,127.0,N
190.5,0.0,0.0,0.25,0.0,127.0,R
190.75,63.0,62.0,0.5,0.0,128.0,C
190.75,75.0,69.0,0.5,0.0,128.0,C
191.25,51.0,55.0,0.5,0.0,128.0,C
191.25,63.0,62.0,0.5,0.0,128.0,C
191.75,51.0,55.0,0.5,0.0,128.0,N
191.75,63.0,62.0,0.25,0.0,128.0,N
192.0,0.0,0.0,0.25,0.0,128.0,R
192.25,56.0,58.0,0.5,0.0,129.0,C
192.25,68.0,65.0,0.5,0.0,129.0,C
192.75,56.0,58.0,0.5,0.0,129.0,C
192.75,68.0,65.0,0.5,0.0,129.0,C
193.25,56.0,58.0,0.5,0.0,129.0,N
193.25,68.0,65.0,0.25,0.0,129.0,N
193.5,0.0,0.0,0.25,0.0,129.0,R
193.75,55.0,57.0,0.5,0.0,130.0,C
193.75,67.0,64.0,0.5,0.0,130.0,C
194.25,55.0,57.0,0.5,0.0,130.0,C
194.25,67.0,64.0,0.5,0.0,130.0,C
194.75,55.0,57.0,0.5,0.0,130.0,N
194.75,67.0,64.0,0.25,0.0,130.0,N
195.0,0.0,0.0,0.25,0.0,130.0,R
195.25,56.0,58.0,0.5,0.0,131.0,C
195.25,68.0,65.0,0.5,0.0,131.0,C
195.75,56.0,58.0,0.5,0.0,131.0,C
195.75,68.0,65.0,0.5,0.0,131.0,C
196.25,56.0,58.0,0.5,0.0,131.0,N
196.25,68.0,65.0,0.25,0.0,131.0,N
196.5,0.0,0.0,0.25,0.0,131.0,R
196.75,57.0,59.0,0.5,0.0,132.0,C
196.75,69.0,66.0,0.5,0.0,132.0,C
197.25,57.0,59.0,0.5,0.0,132.0,C
197.25,69.0,66.0,0.5,0.0,132.0,C
197.75,57.0,59.0,0.5,0.0,132.0,N
197.75,69.0,66.0,0.25,0.0,132.0,N
198.0,0.0,0.0,0.25,0.0,132.0,R
198.25,60.0,60.0,0.5,0.0,133.0,C
198.25,72.0,67.0,0.5,0.0,133.0,C
198.75,60.0,60.0,0.5,0.0,133.0,C
198.75,72.0,67.0,0.5,0.0,133.0,C
199.25,60.0,60.0,0.5,0.0,133.0,N
199.25,72.0,67.0,0.25,0.0,133.0,N
199.5,0.0,0.0,0.25,0.0,133.0,R
199.75,61.0,61.0,0.5,0.0,134.0,C
199.75,73.0,68.0,0.5,0.0,134.0,C
200.25,61.0,61.0,0.5,0.0,134.0,C
200.25,73.0,68.0,0.5,0.0,134.0,C
200.75,62.0,61.0,0.5,0.0,134.0,N
200.75,74.0,68.0,0.25,0.0,134.0,N
201.0,0.0,0.0,0.25,0.0,134.0,R
201.25,63.0,62.0,0.5,0.0,135.0,C
201.25,75.0,69.0,0.5,0.0,135.0,C
201.75,63.0,62.0,0.5,0.0,135.0,C
201.75,75.0,69.0,0.5,0.0,135.0,C
202.25,63.0,62.0,0.25,0.0,135.0,C
202.25,75.0,69.0,0.25,0.0,135.0,C
202.5,68.0,65.0,0.5,0.0,136.0,N
203.0,0.0,0.0,0.5,0.0,136.0,R
203.5,63.0,62.0,1.0,0.0,0.0,N
204.5,68.0,65.0,0.5,0.0,137.0,N
205.0,80.0,72.0,1.0,0.0,137.0,N
206.0,79.0,71.0,0.5,0.0,138.0,N
206.5,67.0,64.0,1.0,0.0,138.0,N
207.5,68.0,65.0,0.5,0.0,139.0,N
208.0,80.0,72.0,1.0,0.0,139.0,N
208.0,84.0,74.0,0.5,0.0,139.0,N
208.5,0.0,0.0,0.5,0.0,139.0,R
209.0,79.0,71.0,0.5,0.0,140.0,C
209.0,82.0,73.0,0.5,0.0,140.0,C
209.5,65.0,63.0,1.0,0.0,140.0,N
209.5,73.0,68.0,0.5,0.0,140.0,N
210.0,0.0,0.0,0.5,0.0,140.0,R
210.5,63.0,62.0,0.5,0.0,141.0,C
210.5,72.0,67.0,0.5,0.0,141.0,C
211.0,77.0,70.0,1.0,0.0,141.0,N
211.0,89.0,77.0,0.5,0.0,141.0,N
211.5,0.0,0.0,0.5,0.0,141.0,R
212.0,75.0,69.0,0.5,0.0,142.0,C
212.0,87.0,76.0,0.5,0.0,142.0,C
212.5,56.0,58.0,0.5,0.0,142.0,C
212.5,59.0,60.0,0.5,0.0,142.0,C
212.5,62.0,61.0,0.5,0.0,142.0,C
213.0,52.0,56.0,0.5,0.0,143.0,C
213.0,58.0,59.0,0.5,0.0,143.0,C
213.0,61.0,61.0,0.5,0.0,143.0,C
213.5,51.0,55.0,0.5,0.0,143.0,C
213.5,56.0,58.0,0.5,0.0,143.0,C
213.5,60.0,60.0,0.5,0.0,143.0,C
214.0,53.0,56.0,1.0,0.0,143.0,N
214.0,56.0,58.0,0.5,0.0,143.0,C
214.0,59.0,60.0,0.5,0.0,143.0,C
214.5,0.0,0.0,0.5,0.0,143.0,R
215.0,55.0,57.0,0.5,0.0,144.0,C
215.0,58.0,59.0,0.5,0.0,144.0,C
215.5,51.0,55.0,1.0,0.0,144.0,N
215.5,63.0,62.0,0.5,0.0,144.0,N
216.0,0.0,0.0,0.5,0.0,144.0,R
216.5,56.0,58.0,0.5,0.0,145.0,C
216.5,68.0,65.0,0.5,0.0,145.0,C
217.0,68.0,65.0,1.0,0.0,145.0,N
217.0,80.0,72.0,0.5,0.0,145.0,N
217.5,0.0,0.0,0.5,0.0,145.0,R
218.0,67.0,64.0,0.5,0.0,146.0,C
218.0,79.0,71.0,0.5,0.0,146.0,C
218.5,55.0,57.0,1.0,0.0,146.0,N
218.5,67.0,64.0,0.5,0.0,146.0,N
219.0,0.0,0.0,0.5,0.0,146.0,R
219.5,56.0,58.0,0.5,0.0,147.0,C
219.5,68.0,65.0,0.5,0.0,147.0,C
220.0,80.0,72.0,1.0,0.0,147.0,N
220.0,84.0,74.0,0.5,0.0,147.0,N
220.5,0.0,0.0,0.5,0.0,147.0,R
221.0,79.0,71.0,0.5,0.0,148.0,C
221.0,82.0,73.0,0.5,0.0,148.0,C
221.5,65.0,63.0,1.0,0.0,148.0,N
221.5,73.0,68.0,0.5,0.0,148.0,N
222.0,0.0,0.0,0.5,0.0,148.0,R
222.5,63.0,62.0,0.5,0.0,149.0,C
222.5,72.0,67.0,0.5,0.0,149.0,C
223.0,77.0,70.0,1.0,0.0,149.0,N
223.0,89.0,77.0,0.5,0.0,149.0,N
223.5,0.0,0.0,0.5,0.0,149.0,R
224.0,75.0,69.0,0.5,0.0,150.0,C
224.0,87.0,76.0,0.5,0.0,150.0,C
224.5,59.0,60.0,1.5,0.0,150.0,N
224.5,62.0,61.0,0.5,0.0,150.0,C
224.5,68.0,65.0,0.5,0.0,150.0,C
225.0,59.0,60.0,0.5,0.0,151.0,C
225.0,62.0,61.0,0.5,0.0,151.0,C
225.0,68.0,65.0,1.0,0.0,151.0,N
225.5,60.0,60.0,0.5,0.0,151.0,C
225.5,63.0,62.0,0.5,0.0,151.0,C
226.0,58.0,59.0,0.5,0.0,151.0,C
226.0,61.0,61.0,0.5,0.0,151.0,C
226.0,67.0,64.0,0.5,0.0,151.0,C
226.5,56.0,58.0,0.5,0.0,152.0,C
226.5,60.0,60.0,0.5,0.0,152.0,C
226.5,68.0,65.0,0.5,0.0,152.0,C
227.0,0.0,0.0,0.5,0.0,152.0,R
227.5,66.0,64.0,1.0,0.0,152.0,N
228.5,53.0,56.0,0.5,0.0,153.0,C
228.5,65.0,63.0,0.5,0.0,153.0,C
229.0,75.0,69.0,1.0,0.0,153.0,N
229.0,87.0,76.0,0.5,0.0,153.0,N
229.5,0.0,0.0,0.5,0.0,153.0,R
230.0,73.0,68.0,0.5,0.0,154.0,C
230.0,85.0,75.0,0.5,0.0,154.0,C
230.5,52.0,56.0,1.0,0.0,154.0,N
230.5,64.0,63.0,0.5,0.0,154.0,N
231.0,0.0,0.0,0.5,0.0,154.0,R
231.5,51.0,55.0,0.5,0.0,155.0,C
231.5,63.0,62.0,0.5,0.0,155.0,C
232.0,73.0,68.0,1.0,0.0,155.0,N
232.0,85.0,75.0,0.5,0.0,155.0,N
232.5,0.0,0.0,0.5,0.0,155.0,R
233.0,72.0,67.0,0.5,0.0,156.0,C
233.0,84.0,74.0,0.5,0.0,156.0,C
233.5,60.0,60.0,1.0,0.0,156.0,N
234.0,60.0,60.0,0.5,0.0,157.0,N
234.5,59.0,59.0,0.5,0.0,157.0,N
235.0,61.0,61.0,0.5,0.0,157.0,N
235.0,64.0,62.0,1.5,0.0,157.0,N
235.0,67.0,64.0,0.5,0.0,157.0,C
235.0,70.0,66.0,0.5,0.0,157.0,C
235.5,61.0,61.0,0.5,0.0,158.0,C
235.5,64.0,62.0,0.5,0.0,158.0,C
235.5,67.0,64.0,0.5,0.0,158.0,C
236.0,60.0,60.0,0.5,0.0,158.0,C
236.0,65.0,63.0,0.5,0.0,158.0,C
236.0,69.0,65.0,0.5,0.0,158.0,C
236.5,65.0,63.0,0.5,0.0,158.0,C
236.5,72.0,67.0,0.5,0.0,158.0,C
236.5,77.0,70.0,1.0,0.0,158.0,N
237.0,67.0,64.0,1.0,0.0,159.0,C
237.0,70.0,66.0,1.0,0.0,159.0,C
237.0,77.0,70.0,0.5,0.0,159.0,N
237.5,75.0,69.0,0.5,0.0,159.0,N
238.0,62.0,61.0,1.0,0.0,159.0,N
238.5,62.0,61.0,0.5,0.0,160.0,N
239.0,63.0,62.0,0.5,0.0,160.0,N
239.5,65.0,63.0,0.5,0.0,160.0,C
239.5,72.0,67.0,0.5,0.0,160.0,C
239.5,77.0,70.0,1.0,0.0,160.0,N
240.0,67.0,64.0,1.0,0.0,161.0,C
240.0,70.0,66.0,1.0,0.0,161.0,C
240.0,77.0,70.0,0.5,0.0,161.0,N
240.5,75.0,69.0,0.5,0.0,161.0,N
241.0,53.0,56.0,0.5,0.0,161.0,C
241.0,56.0,58.0,0.5,0.0,161.0,C
241.0,62.0,61.0,0.5,0.0,161.0,C
241.5,63.0,62.0,0.5,0.0,162.0,N
242.0,63.0,62.0,0.5,0.0,162.0,N
242.5,63.0,62.0,1.0,0.0,162.0,N
243.5,68.0,65.0,0.5,0.0,163.0,N
244.0,68.0,65.0,1.0,0.0,163.0,N
244.0,80.0,72.0,0.5,0.0,163.0,N
244.5,0.0,0.0,0.5,0.0,163.0,R
245.0,67.0,64.0,0.5,0.0,164.0,C
245.0,79.0,71.0,0.5,0.0,164.0,C
245.5,55.0,57.0,1.0,0.0,164.0,N
245.5,67.0,64.0,0.5,0.0,164.0,N
246.0,0.0,0.0,0.5,0.0,164.0,R
246.5,56.0,58.0,0.5,0.0,165.0,C
246.5,68.0,65.0,0.5,0.0,165.0,C
247.0,80.0,72.0,1.0,0.0,165.0,N
247.0,84.0,74.0,0.5,0.0,165.0,N
247.5,0.0,0.0,0.5,0.0,165.0,R
248.0,79.0,71.0,0.5,0.0,166.0,C
248.0,82.0,73.0,0.5,0.0,166.0,C
248.5,65.0,63.0,1.0,0.0,166.0,N
248.5,73.0,68.0,0.5,0.0,166.0,N
249.0,0.0,0.0,0.5,0.0,166.0,R
249.5,63.0,62.0,0.5,0.0,167.0,C
249.5,72.0,67.0,0.5,0.0,167.0,C
250.0,65.0,63.0,1.0,0.0,167.0,N
250.0,77.0,70.0,0.5,0.0,167.0,N
250.5,65.0,63.0,0.5,0.0,168.0,C
250.5,77.0,70.0,0.5,0.0,168.0,C
251.0,63.0,62.0,0.5,0.0,168.0,C
251.0,75.0,69.0,0.5,0.0,168.0,C
251.5,59.0,60.0,0.5,0.0,168.0,C
251.5,62.0,61.0,0.5,0.0,168.0,C
251.5,68.0,65.0,2.0,0.0,168.0,N
252.0,59.0,60.0,0.5,0.0,169.0,C
252.0,62.0,61.0,0.5,0.0,169.0,C
252.0,68.0,65.0,1.0,0.0,169.0,N
252.5,60.0,60.0,0.5,0.0,169.0,C
252.5,63.0,62.0,0.5,0.0,169.0,C
253.0,58.0,59.0,0.5,0.0,169.0,C
253.0,61.0,61.0,0.5,0.0,169.0,C
253.0,67.0,64.0,0.5,0.0,169.0,C
253.5,56.0,58.0,0.5,0.0,170.0,C
253.5,60.0,60.0,0.5,0.0,170.0,C
253.5,68.0,65.0,0.5,0.0,170.0,C
254.0,0.0,0.0,0.5,0.0,170.0,R
254.5,60.0,60.0,0.166666667,0.0,0.0,N
254.6666667,65.0,63.0,0.166666667,0.0,0.0,N
254.8333333,63.0,62.0,0.166666667,0.0,0.0,N
255.0,60.0,60.0,0.166666667,0.0,171.0,N
255.1666667,65.0,63.0,0.166666667,0.0,171.0,N
255.3333333,63.0,62.0,0.166666667,0.0,171.0,N
255.5,60.0,60.0,0.166666667,0.0,171.0,N
255.6666667,70.0,66.0,0.166666667,0.0,171.0,N
255.8333333,68.0,65.0,0.166666667,0.0,171.0,N
256.0,60.0,60.0,0.166666667,0.0,171.0,N
256.1666667,70.0,66.0,0.166666667,0.0,171.0,N
256.3333333,68.0,65.0,0.166666667,0.0,171.0,N
256.5,61.0,61.0,0.166666667,0.0,172.0,N
256.6666667,68.0,65.0,0.166666667,0.0,172.0,N
256.8333333,67.0,64.0,0.166666667,0.0,172.0,N
257.0,61.0,61.0,0.166666667,0.0,172.0,N
257.1666667,67.0,64.0,0.166666667,0.0,172.0,N
257.3333333,65.0,63.0,0.166666667,0.0,172.0,N
257.5,61.0,61.0,0.166666667,0.0,172.0,N
257.6666667,67.0,64.0,0.166666667,0.0,172.0,N
257.8333333,63.0,62.0,0.166666667,0.0,172.0,N
258.0,63.0,62.0,0.166666667,0.0,173.0,N
258.1666667,70.0,66.0,0.166666667,0.0,173.0,N
258.3333333,68.0,65.0,0.166666667,0.0,173.0,N
258.5,63.0,62.0,0.166666667,0.0,173.0,N
258.6666667,70.0,66.0,0.166666667,0.0,173.0,N
258.8333333,68.0,65.0,0.166666667,0.0,173.0,N
259.0,63.0,62.0,0.166666667,0.0,173.0,N
259.1666667,72.0,67.0,0.166666667,0.0,173.0,N
259.3333333,70.0,66.0,0.166666667,0.0,173.0,N
259.5,63.0,62.0,0.166666667,0.0,174.0,N
259.6666667,70.0,66.0,0.166666667,0.0,174.0,C
259.6666667,73.0,68.0,0.166666667,0.0,174.0,C
259.8333333,68.0,65.0,0.166666667,0.0,174.0,C
259.8333333,72.0,67.0,0.166666667,0.0,174.0,C
260.0,63.0,62.0,0.166666667,0.0,174.0,N
260.1666667,68.0,65.0,0.166666667,0.0,174.0,C
260.1666667,72.0,67.0,0.166666667,0.0,174.0,C
260.3333333,67.0,64.0,0.166666667,0.0,174.0,C
260.3333333,70.0,66.0,0.166666667,0.0,174.0,C
260.5,70.0,66.0,0.125,0.0,174.0,N
260.5,72.0,67.0,0.0,0.0,174.0,N
260.625,69.0,65.0,0.125,0.0,174.0,N
260.75,70.0,66.0,0.125,0.0,174.0,N
260.875,72.0,67.0,0.125,0.0,174.0,N
261.0,68.0,65.0,0.166666667,0.0,175.0,N
261.1666667,75.0,69.0,0.166666667,0.0,175.0,N
261.3333333,73.0,68.0,0.166666667,0.0,175.0,N
261.5,68.0,65.0,0.166666667,0.0,175.0,N
261.6666667,75.0,69.0,0.166666667,0.0,175.0,N
261.8333333,73.0,68.0,0.166666667,0.0,175.0,N
262.0,68.0,65.0,0.166666667,0.0,175.0,N
262.1666667,73.0,68.0,0.166666667,0.0,175.0,N
262.3333333,72.0,67.0,0.166666667,0.0,175.0,N
262.5,68.0,65.0,0.166666667,0.0,176.0,N
262.6666667,79.0,71.0,0.166666667,0.0,176.0,N
262.8333333,77.0,70.0,0.166666667,0.0,176.0,N
263.0,67.0,64.0,0.166666667,0.0,176.0,N
263.1666667,72.0,67.0,0.166666667,0.0,176.0,N
263.3333333,70.0,66.0,0.166666667,0.0,176.0,N
263.5,68.0,65.0,0.166666667,0.0,176.0,N
263.6666667,77.0,70.0,0.166666667,0.0,176.0,N
263.8333333,75.0,69.0,0.166666667,0.0,176.0,N
264.0,68.0,65.0,0.166666667,0.0,177.0,N
264.1666667,75.0,69.0,0.166666667,0.0,177.0,N
264.3333333,74.0,68.0,0.166666667,0.0,177.0,N
264.5,64.0,63.0,0.166666667,0.0,177.0,N
264.6666667,72.0,67.0,0.166666667,0.0,177.0,C
264.6666667,75.0,69.0,0.166666667,0.0,177.0,C
264.8333333,70.0,66.0,0.166666667,0.0,177.0,C
264.8333333,73.0,68.0,0.166666667,0.0,177.0,C
265.0,63.0,62.0,0.166666667,0.0,177.0,N
265.1666667,70.0,66.0,0.166666667,0.0,177.0,C
265.1666667,73.0,68.0,0.166666667,0.0,177.0,C
265.3333333,68.0,65.0,0.166666667,0.0,177.0,C
265.3333333,72.0,67.0,0.166666667,0.0,177.0,C
265.5,66.0,63.0,0.5,0.0,178.0,C
265.5,69.0,65.0,0.5,0.0,178.0,C
266.0,67.0,64.0,0.5,0.0,178.0,C
266.0,70.0,66.0,0.5,0.0,178.0,C
266.5,63.0,62.0,0.125,0.0,178.0,N
266.625,75.0,69.0,0.125,0.0,178.0,N
266.75,63.0,62.0,0.125,0.0,178.0,N
266.875,75.0,69.0,0.125,0.0,178.0,N
267.0,63.0,62.0,0.125,0.0,179.0,N
267.0,63.0,62.0,0.5,0.0,179.0,N
267.125,75.0,69.0,0.125,0.0,179.0,N
267.25,77.0,70.0,0.125,0.0,179.0,N
267.375,75.0,69.0,0.125,0.0,179.0,N
267.5,68.0,65.0,0.125,0.0,179.0,N
267.5,68.0,65.0,0.5,0.0,179.0,N
267.625,75.0,69.0,0.125,0.0,179.0,N
267.75,77.0,70.0,0.125,0.0,179.0,N
267.875,75.0,69.0,0.125,0.0,179.0,N
268.0,68.0,65.0,0.125,0.0,179.0,N
268.0,68.0,65.0,0.5,0.0,179.0,N
268.125,75.0,69.0,0.125,0.0,179.0,N
268.25,77.0,70.0,0.125,0.0,179.0,N
268.375,75.0,69.0,0.125,0.0,179.0,N
268.5,68.0,65.0,0.25,0.0,180.0,N
268.5,77.0,70.0,0.125,0.0,180.0,N
268.625,75.0,69.0,0.125,0.0,180.0,N
268.75,67.0,64.0,0.25,0.0,180.0,N
268.75,77.0,70.0,0.125,0.0,180.0,N
268.875,75.0,69.0,0.125,0.0,180.0,N
269.0,67.0,64.0,0.25,0.0,180.0,N
269.0,77.0,70.0,0.125,0.0,180.0,N
269.125,75.0,69.0,0.125,0.0,180.0,N
269.25,65.0,63.0,0.25,0.0,180.0,N
269.25,77.0,70.0,0.125,0.0,180.0,N
269.375,75.0,69.0,0.125,0.0,180.0,N
269.5,67.0,64.0,0.25,0.0,180.0,N
269.5,77.0,70.0,0.125,0.0,180.0,N
269.625,75.0,69.0,0.125,0.0,180.0,N
269.75,63.0,62.0,0.25,0.0,180.0,N
269.75,77.0,70.0,0.125,0.0,180.0,N
269.875,75.0,69.0,0.125,0.0,180.0,N
270.0,68.0,65.0,0.125,0.0,181.0,N
270.0,68.0,65.0,0.5,0.0,181.0,N
270.125,75.0,69.0,0.125,0.0,181.0,N
270.25,77.0,70.0,0.125,0.0,181.0,N
270.375,75.0,69.0,0.125,0.0,181.0,N
270.5,68.0,65.0,0.125,0.0,181.0,N
270.5,68.0,65.0,0.5,0.0,181.0,N
270.625,75.0,69.0,0.125,0.0,181.0,N
270.75,77.0,70.0,0.125,0.0,181.0,N
270.875,75.0,69.0,0.125,0.0,181.0,N
271.0,70.0,66.0,0.125,0.0,181.0,N
271.0,70.0,66.0,0.5,0.0,181.0,N
271.125,75.0,69.0,0.125,0.0,181.0,N
271.25,77.0,70.0,0.125,0.0,181.0,N
271.375,75.0,69.0,0.125,0.0,181.0,N
271.5,68.0,65.0,0.5,0.0,182.0,N
271.5,72.0,67.0,0.125,0.0,182.0,N
271.625,75.0,69.0,0.125,0.0,182.0,N
271.75,77.0,70.0,0.125,0.0,182.0,N
271.875,75.0,69.0,0.125,0.0,182.0,N
272.0,67.0,64.0,0.5,0.0,182.0,N
272.0,70.0,66.0,0.125,0.0,182.0,N
272.125,75.0,69.0,0.125,0.0,182.0,N
272.25,77.0,70.0,0.125,0.0,182.0,N
272.375,75.0,69.0,0.125,0.0,182.0,N
272.5,70.0,66.0,0.125,0.0,182.0,N
272.5,72.0,67.0,0.0,0.0,182.0,N
272.625,69.0,65.0,0.125,0.0,182.0,N
272.75,70.0,66.0,0.125,0.0,182.0,N
272.875,72.0,67.0,0.125,0.0,182.0,N
273.0,73.0,68.0,0.125,0.0,183.0,N
273.0,73.0,68.0,0.5,0.0,183.0,N
273.125,80.0,72.0,0.125,0.0,183.0,N
273.25,82.0,73.0,0.125,0.0,183.0,N
273.375,80.0,72.0,0.125,0.0,183.0,N
273.5,73.0,68.0,0.125,0.0,183.0,N
273.5,73.0,68.0,0.5,0.0,183.0,N
273.625,80.0,72.0,0.125,0.0,183.0,N
273.75,82.0,73.0,0.125,0.0,183.0,N
273.875,80.0,72.0,0.125,0.0,183.0,N
274.0,72.0,67.0,0.125,0.0,183.0,N
274.0,72.0,67.0,0.5,0.0,183.0,N
274.125,80.0,72.0,0.125,0.0,183.0,N
274.25,82.0,73.0,0.125,0.0,183.0,N
274.375,80.0,72.0,0.125,0.0,183.0,N
274.5,77.0,70.0,0.125,0.0,184.0,N
274.5,77.0,70.0,0.5,0.0,184.0,N
274.625,80.0,72.0,0.125,0.0,184.0,N
274.75,82.0,73.0,0.125,0.0,184.0,N
274.875,80.0,72.0,0.125,0.0,184.0,N
275.0,70.0,66.0,0.125,0.0,184.0,N
275.0,70.0,66.0,0.5,0.0,184.0,N
275.125,79.0,71.0,0.125,0.0,184.0,N
275.25,80.0,72.0,0.125,0.0,184.0,N
275.375,79.0,71.0,0.125,0.0,184.0,N
275.5,75.0,69.0,0.125,0.0,184.0,N
275.5,75.0,69.0,0.5,0.0,184.0,N
275.625,80.0,72.0,0.125,0.0,184.0,N
275.75,82.0,73.0,0.125,0.0,184.0,N
275.875,80.0,72.0,0.125,0.0,184.0,N
276.0,68.0,65.0,0.125,0.0,185.0,N
276.0,68.0,65.0,0.5,0.0,185.0,N
276.125,75.0,69.0,0.125,0.0,185.0,N
276.25,77.0,70.0,0.125,0.0,185.0,N
276.375,75.0,69.0,0.125,0.0,185.0,N
276.5,68.0,65.0,0.5,0.0,185.0,N
276.5,72.0,67.0,0.125,0.0,185.0,N
276.625,75.0,69.0,0.125,0.0,185.0,N
276.75,77.0,70.0,0.125,0.0,185.0,N
276.875,75.0,69.0,0.125,0.0,185.0,N
277.0,67.0,64.0,0.5,0.0,185.0,N
277.0,70.0,66.0,0.125,0.0,185.0,N
277.125,75.0,69.0,0.125,0.0,185.0,N
277.25,77.0,70.0,0.125,0.0,185.0,N
277.375,75.0,69.0,0.125,0.0,185.0,N
277.5,68.0,65.0,0.5,0.0,186.0,N
278.0,0.0,0.0,0.5,0.0,186.0,R
278.5,76.0,69.0,0.125,0.0,186.0,N
278.625,77.0,70.0,0.125,0.0,186.0,N
278.75,76.0,69.0,0.125,0.0,186.0,N
278.875,77.0,70.0,0.125,0.0,186.0,N
279.0,77.0,70.0,0.25,0.0,187.0,N
279.25,89.0,77.0,0.5,0.0,187.0,N
279.75,88.0,76.0,0.5,0.0,187.0,N
280.25,87.0,76.0,0.375,0.0,187.0,N
280.625,85.0,75.0,0.125,0.0,188.0,N
280.75,84.0,74.0,0.125,0.0,188.0,N
280.875,82.0,73.0,0.125,0.0,188.0,N
281.0,81.0,72.0,0.125,0.0,188.0,N
281.125,82.0,73.0,0.125,0.0,188.0,N
281.25,78.0,71.0,0.125,0.0,188.0,N
281.375,77.0,70.0,0.125,0.0,188.0,N
281.5,75.0,69.0,0.125,0.0,188.0,N
281.625,73.0,68.0,0.125,0.0,188.0,N
281.75,72.0,67.0,0.125,0.0,188.0,N
281.875,70.0,66.0,0.125,0.0,188.0,N
282.0,75.0,69.0,0.25,0.0,189.0,N
282.25,87.0,76.0,0.5,0.0,189.0,N
282.75,86.0,75.0,0.5,0.0,189.0,N
283.25,85.0,75.0,0.375,0.0,189.0,N
283.625,84.0,74.0,0.125,0.0,190.0,N
283.75,82.0,73.0,0.125,0.0,190.0,N
283.875,80.0,72.0,0.125,0.0,190.0,N
284.0,79.0,71.0,0.125,0.0,190.0,N
284.125,80.0,72.0,0.125,0.0,190.0,N
284.25,74.0,68.0,0.125,0.0,190.0,N
284.375,75.0,69.0,0.125,0.0,190.0,N
284.5,71.0,66.0,0.125,0.0,190.0,N
284.625,72.0,67.0,0.125,0.0,190.0,N
284.75,73.0,67.0,0.125,0.0,190.0,N
284.875,74.0,68.0,0.125,0.0,190.0,N
285.0,75.0,69.0,0.5,0.0,191.0,N
285.125,63.0,62.0,0.125,0.0,191.0,N
285.25,68.0,65.0,0.125,0.0,191.0,N
285.375,63.0,62.0,0.125,0.0,191.0,N
285.5,74.0,68.0,0.5,0.0,191.0,N
285.625,65.0,63.0,0.125,0.0,191.0,N
285.75,68.0,65.0,0.125,0.0,191.0,N
285.875,65.0,63.0,0.125,0.0,191.0,N
286.0,76.0,69.0,0.5,0.0,191.0,N
286.125,67.0,64.0,0.125,0.0,191.0,N
286.25,73.0,68.0,0.125,0.0,191.0,N
286.375,67.0,64.0,0.125,0.0,191.0,N
286.5,77.0,70.0,0.5,0.0,192.0,N
286.625,68.0,65.0,0.125,0.0,192.0,N
286.75,72.0,67.0,0.125,0.0,192.0,N
286.875,68.0,65.0,0.125,0.0,192.0,N
287.0,79.0,71.0,0.5,0.0,192.0,N
287.125,70.0,66.0,0.125,0.0,192.0,N
287.25,76.0,69.0,0.125,0.0,192.0,N
287.375,70.0,66.0,0.125,0.0,192.0,N
287.5,80.0,72.0,0.5,0.0,192.0,N
287.625,72.0,67.0,0.125,0.0,192.0,N
287.75,77.0,70.0,0.125,0.0,192.0,N
287.875,72.0,67.0,0.125,0.0,192.0,N
288.0,67.0,64.0,0.125,0.0,193.0,N
288.0,75.0,69.0,1.0,0.0,193.0,N
288.125,66.0,63.0,0.125,0.0,193.0,N
288.25,67.0,64.0,0.125,0.0,193.0,N
288.375,66.0,63.0,0.125,0.0,193.0,N
288.5,67.0,64.0,0.125,0.0,193.0,N
288.625,70.0,66.0,0.125,0.0,193.0,N
288.75,68.0,65.0,0.125,0.0,193.0,N
288.875,67.0,64.0,0.125,0.0,193.0,N
289.0,65.0,63.0,0.125,0.0,193.0,N
289.0,74.0,68.0,0.5,0.0,193.0,N
289.125,68.0,65.0,0.125,0.0,193.0,N
289.25,67.0,64.0,0.125,0.0,193.0,N
289.375,65.0,63.0,0.125,0.0,193.0,N
289.5,63.0,62.0,0.125,0.0,194.0,N
289.5,75.0,69.0,1.0,0.0,194.0,N
289.625,65.0,63.0,0.125,0.0,194.0,N
289.75,67.0,64.0,0.125,0.0,194.0,N
289.875,68.0,65.0,0.125,0.0,194.0,N
290.0,70.0,66.0,0.125,0.0,194.0,N
290.125,71.0,66.0,0.125,0.0,194.0,N
290.25,72.0,67.0,0.125,0.0,194.0,N
290.375,71.0,66.0,0.125,0.0,194.0,N
290.5,72.0,67.0,0.125,0.0,194.0,N
290.5,77.0,70.0,0.5,0.0,194.0,N
290.625,71.0,66.0,0.125,0.0,194.0,N
290.75,74.0,68.0,0.125,0.0,194.0,N
290.875,72.0,67.0,0.125,0.0,194.0,N
291.0,67.0,64.0,0.125,0.0,195.0,N
291.0,75.0,69.0,1.0,0.0,195.0,N
291.125,66.0,63.0,0.125,0.0,195.0,N
291.25,67.0,64.0,0.125,0.0,195.0,N
291.375,66.0,63.0,0.125,0.0,195.0,N
291.5,67.0,64.0,0.125,0.0,195.0,N
291.625,70.0,66.0,0.125,0.0,195.0,N
291.75,68.0,65.0,0.125,0.0,195.0,N
291.875,67.0,64.0,0.125,0.0,195.0,N
292.0,66.0,63.0,0.125,0.0,195.0,N
292.0,74.0,68.0,0.5,0.0,195.0,N
292.125,68.0,65.0,0.125,0.0,195.0,N
292.25,67.0,64.0,0.125,0.0,195.0,N
292.375,66.0,63.0,0.125,0.0,195.0,N
292.5,75.0,69.0,0.5,0.0,196.0,N
292.625,63.0,62.0,0.125,0.0,196.0,N
292.75,67.0,64.0,0.125,0.0,196.0,N
292.875,63.0,62.0,0.125,0.0,196.0,N
293.0,74.0,68.0,0.5,0.0,196.0,N
293.125,63.0,62.0,0.125,0.0,196.0,N
293.25,68.0,65.0,0.125,0.0,196.0,N
293.375,63.0,62.0,0.125,0.0,196.0,N
293.5,73.0,68.0,0.5,0.0,196.0,N
293.625,63.0,62.0,0.125,0.0,196.0,N
293.75,70.0,66.0,0.125,0.0,196.0,N
293.875,63.0,62.0,0.125,0.0,196.0,N
294.0,63.0,62.0,0.25,0.0,197.0,N
294.0,72.0,67.0,0.125,0.0,197.0,N
294.125,75.0,69.0,0.125,0.0,197.0,N
294.25,68.0,65.0,0.25,0.0,197.0,N
294.25,77.0,70.0,0.125,0.0,197.0,N
294.375,75.0,69.0,0.125,0.0,197.0,N
294.5,68.0,65.0,0.25,0.0,197.0,N
294.5,77.0,70.0,0.125,0.0,197.0,N
294.625,75.0,69.0,0.125,0.0,197.0,N
294.75,68.0,65.0,0.25,0.0,197.0,N
294.75,77.0,70.0,0.125,0.0,197.0,N
294.875,75.0,69.0,0.125,0.0,197.0,N
295.0,68.0,65.0,0.25,0.0,197.0,N
295.0,77.0,70.0,0.125,0.0,197.0,N
295.125,75.0,69.0,0.125,0.0,197.0,N
295.25,68.0,65.0,0.25,0.0,197.0,N
295.25,77.0,70.0,0.125,0.0,197.0,N
295.375,75.0,69.0,0.125,0.0,197.0,N
295.5,68.0,65.0,0.25,0.0,198.0,N
295.5,77.0,70.0,0.125,0.0,198.0,N
295.625,75.0,69.0,0.125,0.0,198.0,N
295.75,67.0,64.0,0.25,0.0,198.0,N
295.75,77.0,70.0,0.125,0.0,198.0,N
295.875,75.0,69.0,0.125,0.0,198.0,N
296.0,67.0,64.0,0.25,0.0,198.0,N
296.0,77.0,70.0,0.125,0.0,198.0,N
296.125,75.0,69.0,0.125,0.0,198.0,N
296.25,65.0,63.0,0.25,0.0,198.0,N
296.25,77.0,70.0,0.125,0.0,198.0,N
296.375,75.0,69.0,0.125,0.0,198.0,N
296.5,67.0,64.0,0.25,0.0,198.0,N
296.5,77.0,70.0,0.125,0.0,198.0,N
296.625,75.0,69.0,0.125,0.0,198.0,N
296.75,63.0,62.0,0.25,0.0,198.0,N
296.75,77.0,70.0,0.125,0.0,198.0,N
296.875,75.0,69.0,0.125,0.0,198.0,N
297.0,68.0,65.0,0.5,0.0,199.0,N
297.0,77.0,70.0,0.125,0.0,199.0,N
297.125,75.0,69.0,0.125,0.0,199.0,N
297.25,77.0,70.0,0.125,0.0,199.0,N
297.375,75.0,69.0,0.125,0.0,199.0,N
297.5,68.0,65.0,0.5,0.0,199.0,N
297.5,77.0,70.0,0.125,0.0,199.0,N
297.625,75.0,69.0,0.125,0.0,199.0,N
297.75,77.0,70.0,0.125,0.0,199.0,N
297.875,75.0,69.0,0.125,0.0,199.0,N
298.0,70.0,66.0,0.5,0.0,199.0,N
298.0,77.0,70.0,0.125,0.0,199.0,N
298.125,75.0,69.0,0.125,0.0,199.0,N
298.25,77.0,70.0,0.125,0.0,199.0,N
298.375,75.0,69.0,0.125,0.0,199.0,N
298.5,68.0,65.0,0.5,0.0,200.0,C
298.5,72.0,67.0,0.5,0.0,200.0,C
298.5,77.0,70.0,0.125,0.0,200.0,N
298.625,75.0,69.0,0.125,0.0,200.0,N
298.75,77.0,70.0,0.125,0.0,200.0,N
298.875,75.0,69.0,0.125,0.0,200.0,N
299.0,67.0,64.0,0.5,0.0,200.0,C
299.0,70.0,66.0,0.5,0.0,200.0,C
299.0,77.0,70.0,0.125,0.0,200.0,N
299.125,75.0,69.0,0.125,0.0,200.0,N
299.25,77.0,70.0,0.125,0.0,200.0,N
299.375,75.0,69.0,0.125,0.0,200.0,N
299.5,70.0,66.0,0.125,0.0,200.0,N
299.5,72.0,67.0,0.0,0.0,200.0,N
299.625,69.0,65.0,0.125,0.0,200.0,N
299.75,70.0,66.0,0.125,0.0,200.0,N
299.875,72.0,67.0,0.125,0.0,200.0,N
300.0,73.0,68.0,0.125,0.0,201.0,N
300.0,73.0,68.0,0.5,0.0,201.0,N
300.125,80.0,72.0,0.125,0.0,201.0,N
300.25,82.0,73.0,0.125,0.0,201.0,N
300.375,80.0,72.0,0.125,0.0,201.0,N
300.5,73.0,68.0,0.5,0.0,201.0,N
300.5,82.0,73.0,0.125,0.0,201.0,N
300.625,80.0,72.0,0.125,0.0,201.0,N
300.75,82.0,73.0,0.125,0.0,201.0,N
300.875,80.0,72.0,0.125,0.0,201.0,N
301.0,72.0,67.0,0.5,0.0,201.0,N
301.0,82.0,73.0,0.125,0.0,201.0,N
301.125,80.0,72.0,0.125,0.0,201.0,N
301.25,82.0,73.0,0.125,0.0,201.0,N
301.375,80.0,72.0,0.125,0.0,201.0,N
301.5,77.0,70.0,0.5,0.0,202.0,N
301.5,82.0,73.0,0.125,0.0,202.0,N
301.625,80.0,72.0,0.125,0.0,202.0,N
301.75,82.0,73.0,0.125,0.0,202.0,N
301.875,80.0,72.0,0.125,0.0,202.0,N
302.0,70.0,66.0,0.5,0.0,202.0,N
302.0,80.0,72.0,0.125,0.0,202.0,N
302.125,79.0,71.0,0.125,0.0,202.0,N
302.25,80.0,72.0,0.125,0.0,202.0,N
302.375,79.0,71.0,0.125,0.0,202.0,N
302.5,75.0,69.0,0.5,0.0,202.0,N
302.5,82.0,73.0,0.125,0.0,202.0,N
302.625,80.0,72.0,0.125,0.0,202.0,N
302.75,82.0,73.0,0.125,0.0,202.0,N
302.875,80.0,72.0,0.125,0.0,202.0,N
303.0,68.0,65.0,0.5,0.0,203.0,N
303.0,77.0,70.0,0.125,0.0,203.0,N
303.125,75.0,69.0,0.125,0.0,203.0,N
303.25,77.0,70.0,0.125,0.0,203.0,N
303.375,75.0,69.0,0.125,0.0,203.0,N
303.5,68.0,65.0,0.5,0.0,203.0,C
303.5,72.0,67.0,0.5,0.0,203.0,C
303.5,77.0,70.0,0.125,0.0,203.0,N
303.625,75.0,69.0,0.125,0.0,203.0,N
303.75,77.0,70.0,0.125,0.0,203.0,N
303.875,75.0,69.0,0.125,0.0,203.0,N
304.0,67.0,64.0,0.5,0.0,203.0,C
304.0,70.0,66.0,0.5,0.0,203.0,C
304.0,77.0,70.0,0.125,0.0,203.0,N
304.125,75.0,69.0,0.125,0.0,203.0,N
304.25,77.0,70.0,0.125,0.0,203.0,N
304.375,75.0,69.0,0.125,0.0,203.0,N
304.5,68.0,65.0,0.25,0.0,204.0,N
304.75,63.0,62.0,0.25,0.0,204.0,N
305.0,63.0,62.0,0.25,0.0,204.0,N
305.25,63.0,62.0,0.25,0.0,204.0,N
305.5,63.0,62.0,0.25,0.0,204.0,N
305.75,63.0,62.0,0.25,0.0,204.0,N
306.0,60.0,60.0,0.25,0.0,205.0,C
306.0,63.0,62.0,0.25,0.0,205.0,C
306.0,72.0,67.0,1.0,0.0,205.0,N
306.25,60.0,60.0,0.25,0.0,205.0,C
306.25,63.0,62.0,0.25,0.0,205.0,C
306.5,60.0,60.0,0.25,0.0,205.0,C
306.5,63.0,62.0,0.25,0.0,205.0,C
306.75,60.0,60.0,0.25,0.0,205.0,C
306.75,63.0,62.0,0.25,0.0,205.0,C
307.0,60.0,60.0,0.25,0.0,205.0,C
307.0,63.0,62.0,0.25,0.0,205.0,C
307.0,70.0,66.0,0.25,0.0,205.0,C
307.25,60.0,60.0,0.25,0.0,205.0,C
307.25,63.0,62.0,0.25,0.0,205.0,C
307.25,68.0,65.0,0.25,0.0,205.0,C
307.5,61.0,61.0,0.25,0.0,206.0,C
307.5,63.0,62.0,0.25,0.0,206.0,C
307.5,68.0,65.0,0.5,0.0,206.0,N
307.75,61.0,61.0,0.25,0.0,206.0,C
307.75,63.0,62.0,0.25,0.0,206.0,C
308.0,61.0,61.0,0.25,0.0,206.0,C
308.0,63.0,62.0,0.25,0.0,206.0,C
308.0,67.0,64.0,0.5,0.0,206.0,N
308.25,61.0,61.0,0.25,0.0,206.0,C
308.25,63.0,62.0,0.25,0.0,206.0,C
308.5,61.0,61.0,0.25,0.0,206.0,C
308.5,63.0,62.0,0.25,0.0,206.0,C
308.5,67.0,64.0,0.375,0.0,206.0,N
308.75,61.0,61.0,0.25,0.0,206.0,C
308.75,63.0,62.0,0.25,0.0,206.0,C
308.875,68.0,65.0,0.125,0.0,206.0,N
309.0,61.0,61.0,0.25,0.0,207.0,C
309.0,63.0,62.0,0.25,0.0,207.0,C
309.0,70.0,66.0,0.5,0.0,207.0,N
309.25,61.0,61.0,0.25,0.0,207.0,C
309.25,63.0,62.0,0.25,0.0,207.0,C
309.5,61.0,61.0,0.25,0.0,207.0,C
309.5,63.0,62.0,0.25,0.0,207.0,C
309.5,70.0,66.0,0.5,0.0,207.0,N
309.75,61.0,61.0,0.25,0.0,207.0,C
309.75,63.0,62.0,0.25,0.0,207.0,C
310.0,61.0,61.0,0.25,0.0,207.0,C
310.0,63.0,62.0,0.25,0.0,207.0,C
310.0,70.0,66.0,0.375,0.0,207.0,N
310.25,61.0,61.0,0.25,0.0,207.0,C
310.25,63.0,62.0,0.25,0.0,207.0,C
310.375,72.0,67.0,0.125,0.0,207.0,N
310.5,60.0,60.0,0.25,0.0,208.0,C
310.5,63.0,62.0,0.25,0.0,208.0,C
310.5,68.0,65.0,0.5,0.0,208.0,N
310.75,60.0,60.0,0.25,0.0,208.0,C
310.75,63.0,62.0,0.25,0.0,208.0,C
311.0,60.0,60.0,0.25,0.0,208.0,C
311.0,63.0,62.0,0.25,0.0,208.0,C
311.25,60.0,60.0,0.25,0.0,208.0,C
311.25,63.0,62.0,0.25,0.0,208.0,C
311.5,60.0,60.0,0.25,0.0,208.0,C
311.5,63.0,62.0,0.25,0.0,208.0,C
311.75,60.0,60.0,0.25,0.0,208.0,C
311.75,63.0,62.0,0.25,0.0,208.0,C
312.0,60.0,60.0,0.25,0.0,209.0,C
312.0,63.0,62.0,0.25,0.0,209.0,C
312.0,72.0,67.0,0.25,0.0,209.0,C
312.25,60.0,60.0,0.25,0.0,209.0,C
312.25,63.0,62.0,0.25,0.0,209.0,C
312.25,71.0,66.0,0.25,0.0,209.0,C
312.5,60.0,60.0,0.25,0.0,209.0,C
312.5,63.0,62.0,0.25,0.0,209.0,C
312.5,73.0,68.0,0.25,0.0,209.0,C
312.75,60.0,60.0,0.25,0.0,209.0,C
312.75,63.0,62.0,0.25,0.0,209.0,C
312.75,72.0,67.0,0.25,0.0,209.0,C
313.0,60.0,60.0,0.25,0.0,209.0,C
313.0,63.0,62.0,0.25,0.0,209.0,C
313.0,70.0,66.0,0.25,0.0,209.0,C
313.25,60.0,60.0,0.25,0.0,209.0,C
313.25,63.0,62.0,0.25,0.0,209.0,C
313.25,68.0,65.0,0.25,0.0,209.0,C
313.5,61.0,61.0,0.25,0.0,210.0,C
313.5,63.0,62.0,0.25,0.0,210.0,C
313.5,68.0,65.0,0.25,0.0,210.0,C
313.75,61.0,61.0,0.25,0.0,210.0,C
313.75,63.0,62.0,0.25,0.0,210.0,C
313.75,67.0,64.0,0.25,0.0,210.0,C
314.0,61.0,61.0,0.25,0.0,210.0,C
314.0,63.0,62.0,0.25,0.0,210.0,C
314.0,67.0,64.0,0.25,0.0,210.0,C
314.25,61.0,61.0,0.25,0.0,210.0,C
314.25,63.0,62.0,0.25,0.0,210.0,C
314.25,66.0,63.0,0.25,0.0,210.0,C
314.5,61.0,61.0,0.25,0.0,210.0,C
314.5,63.0,62.0,0.25,0.0,210.0,C
314.5,67.0,64.0,0.25,0.0,210.0,C
314.75,61.0,61.0,0.25,0.0,210.0,C
314.75,63.0,62.0,0.25,0.0,210.0,C
314.75,68.0,65.0,0.25,0.0,210.0,C
315.0,61.0,61.0,0.25,0.0,211.0,C
315.0,63.0,62.0,0.25,0.0,211.0,C
315.0,70.0,66.0,0.25,0.0,211.0,C
315.25,61.0,61.0,0.25,0.0,211.0,C
315.25,63.0,62.0,0.25,0.0,211.0,C
315.25,69.0,65.0,0.25,0.0,211.0,C
315.5,61.0,61.0,0.25,0.0,211.0,C
315.5,63.0,62.0,0.25,0.0,211.0,C
315.5,70.0,66.0,0.25,0.0,211.0,C
315.75,61.0,61.0,0.25,0.0,211.0,C
315.75,63.0,62.0,0.25,0.0,211.0,C
315.75,69.0,65.0,0.25,0.0,211.0,C
316.0,61.0,61.0,0.25,0.0,211.0,C
316.0,63.0,62.0,0.25,0.0,211.0,C
316.0,70.0,66.0,0.25,0.0,211.0,C
316.25,61.0,61.0,0.25,0.0,211.0,C
316.25,63.0,62.0,0.25,0.0,211.0,C
316.25,72.0,67.0,0.25,0.0,211.0,C
316.5,60.0,60.0,0.25,0.0,212.0,C
316.5,63.0,62.0,0.25,0.0,212.0,C
316.5,68.0,65.0,0.5,0.0,212.0,N
316.75,60.0,60.0,0.25,0.0,212.0,C
316.75,63.0,62.0,0.25,0.0,212.0,C
317.0,60.0,60.0,0.25,0.0,212.0,C
317.0,63.0,62.0,0.25,0.0,212.0,C
317.25,60.0,60.0,0.25,0.0,212.0,C
317.25,63.0,62.0,0.25,0.0,212.0,C
317.5,60.0,60.0,0.25,0.0,212.0,C
317.5,63.0,62.0,0.25,0.0,212.0,C
317.75,60.0,60.0,0.25,0.0,212.0,C
317.75,63.0,62.0,0.25,0.0,212.0,C
317.75,69.0,65.0,0.25,0.0,212.0,C
318.0,61.0,61.0,0.25,0.0,213.0,C
318.0,63.0,62.0,0.25,0.0,213.0,C
318.0,70.0,66.0,0.5,0.0,213.0,N
318.25,61.0,61.0,0.25,0.0,213.0,C
318.25,63.0,62.0,0.25,0.0,213.0,C
318.5,61.0,61.0,0.25,0.0,213.0,C
318.5,63.0,62.0,0.25,0.0,213.0,C
318.75,61.0,61.0,0.25,0.0,213.0,C
318.75,63.0,62.0,0.25,0.0,213.0,C
319.0,61.0,61.0,0.25,0.0,213.0,C
319.0,63.0,62.0,0.25,0.0,213.0,C
319.25,61.0,61.0,0.25,0.0,213.0,C
319.25,63.0,62.0,0.25,0.0,213.0,C
319.25,72.0,67.0,0.25,0.0,213.0,C
319.5,60.0,60.0,0.25,0.0,214.0,C
319.5,63.0,62.0,0.25,0.0,214.0,C
319.5,68.0,65.0,0.5,0.0,214.0,N
319.75,60.0,60.0,0.25,0.0,214.0,C
319.75,63.0,62.0,0.25,0.0,214.0,C
320.0,60.0,60.0,0.25,0.0,214.0,C
320.0,63.0,62.0,0.25,0.0,214.0,C
320.25,60.0,60.0,0.25,0.0,214.0,C
320.25,63.0,62.0,0.25,0.0,214.0,C
320.5,60.0,60.0,0.25,0.0,214.0,C
320.5,63.0,62.0,0.25,0.0,214.0,C
320.75,60.0,60.0,0.25,0.0,214.0,C
320.75,63.0,62.0,0.25,0.0,214.0,C
320.75,69.0,65.0,0.25,0.0,214.0,C
321.0,61.0,61.0,0.25,0.0,215.0,C
321.0,63.0,62.0,0.25,0.0,215.0,C
321.0,70.0,66.0,0.5,0.0,215.0,N
321.25,61.0,61.0,0.25,0.0,215.0,C
321.25,63.0,62.0,0.25,0.0,215.0,C
321.5,61.0,61.0,0.25,0.0,215.0,C
321.5,63.0,62.0,0.25,0.0,215.0,C
321.75,61.0,61.0,0.25,0.0,215.0,C
321.75,63.0,62.0,0.25,0.0,215.0,C
322.0,61.0,61.0,0.25,0.0,215.0,C
322.0,63.0,62.0,0.25,0.0,215.0,C
322.25,61.0,61.0,0.25,0.0,215.0,C
322.25,63.0,62.0,0.25,0.0,215.0,C
322.25,72.0,67.0,0.25,0.0,215.0,C
322.5,60.0,60.0,0.25,0.0,216.0,C
322.5,63.0,62.0,0.25,0.0,216.0,C
322.5,68.0,65.0,1.5,0.0,216.0,N
322.75,60.0,60.0,0.25,0.0,216.0,C
322.75,63.0,62.0,0.25,0.0,216.0,C
323.0,60.0,60.0,0.25,0.0,216.0,C
323.0,63.0,62.0,0.25,0.0,216.0,C
323.25,60.0,60.0,0.25,0.0,216.0,C
323.25,63.0,62.0,0.25,0.0,216.0,C
323.5,60.0,60.0,0.25,0.0,216.0,C
323.5,63.0,62.0,0.25,0.0,216.0,C
323.75,60.0,60.0,0.25,0.0,216.0,C
323.75,63.0,62.0,0.25,0.0,216.0,C
324.0,60.0,60.0,0.25,0.0,217.0,C
324.0,63.0,62.0,0.25,0.0,217.0,C
324.0,68.0,65.0,0.5,0.0,217.0,N
324.25,60.0,60.0,0.25,0.0,217.0,C
324.25,63.0,62.0,0.25,0.0,217.0,C
324.5,60.0,60.0,0.25,0.0,217.0,C
324.5,63.0,62.0,0.25,0.0,217.0,C
324.5,68.0,65.0,0.5,0.0,217.0,N
324.75,60.0,60.0,0.25,0.0,217.0,C
324.75,63.0,62.0,0.25,0.0,217.0,C
325.0,60.0,60.0,0.25,0.0,217.0,C
325.0,63.0,62.0,0.25,0.0,217.0,C
325.0,68.0,65.0,0.5,0.0,217.0,N
325.25,60.0,60.0,0.25,0.0,217.0,C
325.25,63.0,62.0,0.25,0.0,217.0,C
325.5,60.0,60.0,2.5,0.0,218.0,C
325.5,63.0,62.0,2.5,0.0,218.0,C
