0.0,44.0,51.0,1.5,1.0,1.0,C
0.0,51.0,55.0,1.5,1.0,1.0,C
1.5,48.0,53.0,0.5,1.0,1.0,C
1.5,51.0,55.0,0.5,1.0,1.0,C
2.0,48.0,53.0,0.75,1.0,1.0,C
2.0,51.0,55.0,0.75,1.0,1.0,C
2.75,48.0,53.0,0.25,1.0,1.0,C
2.75,51.0,55.0,0.25,1.0,1.0,C
3.0,46.0,52.0,1.0,1.0,2.0,C
3.0,51.0,55.0,1.0,1.0,2.0,C
4.0,49.0,54.0,2.0,1.0,2.0,C
4.0,51.0,55.0,2.0,1.0,2.0,C
6.0,48.0,53.0,1.5,1.0,3.0,N
6.0,51.0,55.0,0.5,1.0,3.0,N
6.5,56.0,58.0,0.5,1.0,3.0,N
7.0,60.0,60.0,0.5,1.0,3.0,N
7.5,53.0,56.0,0.5,1.0,3.0,C
7.5,58.0,59.0,0.5,1.0,3.0,C
8.0,51.0,55.0,0.5,1.0,3.0,C
8.0,60.0,60.0,0.5,1.0,3.0,C
8.5,49.0,54.0,0.5,1.0,3.0,C
8.5,61.0,61.0,0.5,1.0,3.0,C
9.0,51.0,55.0,1.0,1.0,4.0,C
9.0,58.0,59.0,1.0,1.0,4.0,C
10.0,51.0,55.0,0.5,1.0,4.0,C
10.0,58.0,59.0,0.5,1.0,4.0,C
10.5,0.0,0.0,1.0,1.0,4.0,R
11.5,0.0,0.0,0.5,1.0,4.0,R
12.0,56.0,58.0,0.25,1.0,5.0,N
12.25,60.0,60.0,0.25,1.0,5.0,C
12.25,63.0,62.0,0.25,1.0,5.0,C
12.5,60.0,60.0,0.25,1.0,5.0,C
12.5,63.0,62.0,0.25,1.0,5.0,C
12.75,60.0,60.0,0.25,1.0,5.0,C
12.75,63.0,62.0,0.25,1.0,5.0,C
13.0,56.0,58.0,0.25,1.0,5.0,N
13.25,60.0,60.0,0.25,1.0,5.0,C
13.25,63.0,62.0,0.25,1.0,5.0,C
13.5,60.0,60.0,0.25,1.0,5.0,C
13.5,63.0,62.0,0.25,1.0,5.0,C
13.75,60.0,60.0,0.25,1.0,5.0,C
13.75,63.0,62.0,0.25,1.0,5.0,C
14.0,56.0,58.0,0.25,1.0,5.0,N
14.25,60.0,60.0,0.25,1.0,5.0,C
14.25,63.0,62.0,0.25,1.0,5.0,C
14.5,60.0,60.0,0.25,1.0,5.0,C
14.5,63.0,62.0,0.25,1.0,5.0,C
14.75,60.0,60.0,0.25,1.0,5.0,C
14.75,63.0,62.0,0.25,1.0,5.0,C
15.0,58.0,59.0,0.25,1.0,6.0,N
15.25,61.0,61.0,0.25,1.0,6.0,C
15.25,63.0,62.0,0.25,1.0,6.0,C
15.5,61.0,61.0,0.25,1.0,6.0,C
15.5,63.0,62.0,0.25,1.0,6.0,C
15.75,61.0,61.0,0.25,1.0,6.0,C
15.75,63.0,62.0,0.25,1.0,6.0,C
16.0,58.0,59.0,0.25,1.0,6.0,N
16.25,61.0,61.0,0.25,1.0,6.0,C
16.25,63.0,62.0,0.25,1.0,6.0,C
16.5,61.0,61.0,0.25,1.0,6.0,C
16.5,63.0,62.0,0.25,1.0,6.0,C
16.75,61.0,61.0,0.25,1.0,6.0,C
16.75,63.0,62.0,0.25,1.0,6.0,C
17.0,58.0,59.0,0.25,1.0,6.0,N
17.25,61.0,61.0,0.25,1.0,6.0,C
17.25,63.0,62.0,0.25,1.0,6.0,C
17.5,61.0,61.0,0.25,1.0,6.0,C
17.5,63.0,62.0,0.25,1.0,6.0,C
17.75,61.0,61.0,0.25,1.0,6.0,C
17.75,63.0,62.0,0.25,1.0,6.0,C
18.0,61.0,61.0,0.25,1.0,7.0,N
18.25,63.0,62.0,0.25,1.0,7.0,C
18.25,67.0,64.0,0.25,1.0,7.0,C
18.25,70.0,66.0,0.25,1.0,7.0,C
18.5,63.0,62.0,0.25,1.0,7.0,C
18.5,67.0,64.0,0.25,1.0,7.0,C
18.5,70.0,66.0,0.25,1.0,7.0,C
18.75,63.0,62.0,0.25,1.0,7.0,C
18.75,67.0,64.0,0.25,1.0,7.0,C
18.75,70.0,66.0,0.25,1.0,7.0,C
19.0,61.0,61.0,0.25,1.0,7.0,N
19.25,63.0,62.0,0.25,1.0,7.0,C
19.25,67.0,64.0,0.25,1.0,7.0,C
19.25,70.0,66.0,0.25,1.0,7.0,C
19.5,63.0,62.0,0.25,1.0,7.0,C
19.5,67.0,64.0,0.25,1.0,7.0,C
19.5,70.0,66.0,0.25,1.0,7.0,C
19.75,63.0,62.0,0.25,1.0,7.0,C
19.75,67.0,64.0,0.25,1.0,7.0,C
19.75,70.0,66.0,0.25,1.0,7.0,C
20.0,61.0,61.0,0.25,1.0,7.0,N
20.25,63.0,62.0,0.25,1.0,7.0,C
20.25,67.0,64.0,0.25,1.0,7.0,C
20.25,70.0,66.0,0.25,1.0,7.0,C
20.5,63.0,62.0,0.25,1.0,7.0,C
20.5,67.0,64.0,0.25,1.0,7.0,C
20.5,70.0,66.0,0.25,1.0,7.0,C
20.75,63.0,62.0,0.25,1.0,7.0,C
20.75,67.0,64.0,0.25,1.0,7.0,C
20.75,70.0,66.0,0.25,1.0,7.0,C
21.0,60.0,60.0,0.25,1.0,8.0,N
21.25,63.0,62.0,0.25,1.0,8.0,C
21.25,68.0,65.0,0.25,1.0,8.0,C
21.5,63.0,62.0,0.25,1.0,8.0,C
21.5,68.0,65.0,0.25,1.0,8.0,C
21.75,63.0,62.0,0.25,1.0,8.0,C
21.75,68.0,65.0,0.25,1.0,8.0,C
22.0,60.0,60.0,0.25,1.0,8.0,N
22.25,63.0,62.0,0.25,1.0,8.0,C
22.25,68.0,65.0,0.25,1.0,8.0,C
22.5,63.0,62.0,0.25,1.0,8.0,C
22.5,68.0,65.0,0.25,1.0,8.0,C
22.75,63.0,62.0,0.25,1.0,8.0,C
22.75,68.0,65.0,0.25,1.0,8.0,C
23.0,60.0,60.0,0.25,1.0,8.0,N
23.25,63.0,62.0,0.25,1.0,8.0,C
23.25,68.0,65.0,0.25,1.0,8.0,C
23.5,63.0,62.0,0.25,1.0,8.0,C
23.5,68.0,65.0,0.25,1.0,8.0,C
23.75,63.0,62.0,0.25,1.0,8.0,C
23.75,68.0,65.0,0.25,1.0,8.0,C
24.0,66.0,64.0,0.25,1.0,9.0,N
24.25,68.0,65.0,0.25,1.0,9.0,C
24.25,72.0,67.0,0.25,1.0,9.0,C
24.25,75.0,69.0,0.25,1.0,9.0,C
24.5,68.0,65.0,0.25,1.0,9.0,C
24.5,72.0,67.0,0.25,1.0,9.0,C
24.5,75.0,69.0,0.25,1.0,9.0,C
24.75,68.0,65.0,0.25,1.0,9.0,C
24.75,72.0,67.0,0.25,1.0,9.0,C
24.75,75.0,69.0,0.25,1.0,9.0,C
25.0,66.0,64.0,0.25,1.0,9.0,N
25.25,68.0,65.0,0.25,1.0,9.0,C
25.25,72.0,67.0,0.25,1.0,9.0,C
25.25,75.0,69.0,0.25,1.0,9.0,C
25.5,68.0,65.0,0.25,1.0,9.0,C
25.5,72.0,67.0,0.25,1.0,9.0,C
25.5,75.0,69.0,0.25,1.0,9.0,C
25.75,68.0,65.0,0.25,1.0,9.0,C
25.75,72.0,67.0,0.25,1.0,9.0,C
25.75,75.0,69.0,0.25,1.0,9.0,C
26.0,66.0,64.0,0.25,1.0,9.0,N
26.25,68.0,65.0,0.25,1.0,9.0,C
26.25,72.0,67.0,0.25,1.0,9.0,C
26.25,75.0,69.0,0.25,1.0,9.0,C
26.5,68.0,65.0,0.25,1.0,9.0,C
26.5,72.0,67.0,0.25,1.0,9.0,C
26.5,75.0,69.0,0.25,1.0,9.0,C
26.75,68.0,65.0,0.25,1.0,9.0,C
26.75,72.0,67.0,0.25,1.0,9.0,C
26.75,75.0,69.0,0.25,1.0,9.0,C
27.0,65.0,63.0,0.25,1.0,10.0,N
27.25,68.0,65.0,0.25,1.0,10.0,C
27.25,73.0,68.0,0.25,1.0,10.0,C
27.5,68.0,65.0,0.25,1.0,10.0,C
27.5,73.0,68.0,0.25,1.0,10.0,C
27.75,68.0,65.0,0.25,1.0,10.0,C
27.75,73.0,68.0,0.25,1.0,10.0,C
28.0,65.0,63.0,0.25,1.0,10.0,N
28.25,68.0,65.0,0.25,1.0,10.0,C
28.25,73.0,68.0,0.25,1.0,10.0,C
28.5,68.0,65.0,0.25,1.0,10.0,C
28.5,73.0,68.0,0.25,1.0,10.0,C
28.75,68.0,65.0,0.25,1.0,10.0,C
28.75,73.0,68.0,0.25,1.0,10.0,C
29.0,63.0,62.0,0.25,1.0,10.0,N
29.25,68.0,65.0,0.25,1.0,10.0,C
29.25,72.0,67.0,0.25,1.0,10.0,C
29.5,61.0,61.0,0.25,1.0,10.0,N
29.75,68.0,65.0,0.25,1.0,10.0,C
29.75,70.0,66.0,0.25,1.0,10.0,C
30.0,63.0,62.0,0.25,1.0,11.0,N
30.25,68.0,65.0,0.25,1.0,11.0,C
30.25,72.0,67.0,0.25,1.0,11.0,C
30.5,68.0,65.0,0.25,1.0,11.0,C
30.5,72.0,67.0,0.25,1.0,11.0,C
30.75,68.0,65.0,0.25,1.0,11.0,C
30.75,72.0,67.0,0.25,1.0,11.0,C
31.0,63.0,62.0,0.25,1.0,11.0,N
31.25,68.0,65.0,0.25,1.0,11.0,C
31.25,72.0,67.0,0.25,1.0,11.0,C
31.5,68.0,65.0,0.25,1.0,11.0,C
31.5,72.0,67.0,0.25,1.0,11.0,C
31.75,68.0,65.0,0.25,1.0,11.0,C
31.75,72.0,67.0,0.25,1.0,11.0,C
32.0,63.0,62.0,0.25,1.0,11.0,N
32.25,70.0,66.0,0.25,1.0,11.0,C
32.25,73.0,68.0,0.25,1.0,11.0,C
32.5,70.0,66.0,0.25,1.0,11.0,C
32.5,73.0,68.0,0.25,1.0,11.0,C
32.75,70.0,66.0,0.25,1.0,11.0,C
32.75,73.0,68.0,0.25,1.0,11.0,C
33.0,68.0,65.0,0.5,1.0,12.0,C
33.0,72.0,67.0,0.5,1.0,12.0,C
33.5,0.0,0.0,2.0,1.0,12.0,R
35.5,0.0,0.0,0.5,1.0,12.0,R
36.0,34.0,45.0,0.5,1.0,13.0,C
36.0,39.0,48.0,0.5,1.0,13.0,C
36.0,46.0,52.0,0.5,1.0,13.0,C
36.5,0.0,0.0,0.5,1.0,13.0,R
37.0,34.0,45.0,0.5,1.0,13.0,C
37.0,39.0,48.0,0.5,1.0,13.0,C
37.0,46.0,52.0,0.5,1.0,13.0,C
37.5,0.0,0.0,0.5,1.0,13.0,R
38.0,34.0,45.0,0.5,1.0,13.0,C
38.0,39.0,48.0,0.5,1.0,13.0,C
38.0,46.0,52.0,0.5,1.0,13.0,C
38.5,0.0,0.0,0.5,1.0,13.0,R
39.0,36.0,46.0,0.5,1.0,14.0,C
39.0,39.0,48.0,0.5,1.0,14.0,C
39.0,48.0,53.0,0.5,1.0,14.0,C
39.5,0.0,0.0,0.5,1.0,14.0,R
40.0,0.0,0.0,2.0,1.0,15.0,R
42.0,31.0,43.0,0.5,1.0,15.0,C
42.0,39.0,48.0,0.5,1.0,15.0,C
42.0,43.0,50.0,0.5,1.0,15.0,C
42.5,0.0,0.0,0.5,1.0,15.0,R
43.0,31.0,43.0,0.5,1.0,15.0,C
43.0,39.0,48.0,0.5,1.0,15.0,C
43.0,43.0,50.0,0.5,1.0,15.0,C
43.5,0.0,0.0,0.5,1.0,15.0,R
44.0,31.0,43.0,0.5,1.0,15.0,C
44.0,39.0,48.0,0.5,1.0,15.0,C
44.0,43.0,50.0,0.5,1.0,15.0,C
44.5,0.0,0.0,0.5,1.0,15.0,R
45.0,32.0,44.0,0.5,1.0,16.0,C
45.0,39.0,48.0,0.5,1.0,16.0,C
45.0,44.0,51.0,0.5,1.0,16.0,C
45.5,0.0,0.0,2.0,1.0,16.0,R
47.5,0.0,0.0,0.5,1.0,16.0,R
48.0,29.0,42.0,0.5,1.0,17.0,C
48.0,41.0,49.0,0.5,1.0,17.0,C
48.5,0.0,0.0,0.5,1.0,17.0,R
49.0,41.0,49.0,0.5,1.0,17.0,C
49.0,46.0,52.0,0.5,1.0,17.0,C
49.0,53.0,56.0,0.5,1.0,17.0,C
49.5,0.0,0.0,0.5,1.0,17.0,R
50.0,39.0,48.0,0.5,1.0,17.0,C
50.0,46.0,52.0,0.5,1.0,17.0,C
50.0,51.0,55.0,0.5,1.0,17.0,C
50.5,0.0,0.0,0.5,1.0,17.0,R
51.0,38.0,47.0,0.5,1.0,18.0,C
51.0,46.0,52.0,0.5,1.0,18.0,C
51.0,50.0,54.0,0.5,1.0,18.0,C
51.5,0.0,0.0,0.5,1.0,18.0,R
52.0,50.0,54.0,0.5,1.0,18.0,C
52.0,58.0,59.0,0.5,1.0,18.0,C
52.0,62.0,61.0,0.5,1.0,18.0,C
52.5,0.0,0.0,0.5,1.0,18.0,R
53.0,49.0,54.0,0.5,1.0,18.0,C
53.0,51.0,55.0,0.5,1.0,18.0,C
53.0,61.0,61.0,0.5,1.0,18.0,C
53.5,0.0,0.0,0.5,1.0,18.0,R
54.0,48.0,53.0,0.5,1.0,19.0,C
54.0,51.0,55.0,0.5,1.0,19.0,C
54.0,60.0,60.0,0.5,1.0,19.0,C
54.5,47.0,53.0,0.5,1.0,19.0,C
54.5,51.0,55.0,0.5,1.0,19.0,C
54.5,59.0,60.0,0.5,1.0,19.0,C
55.0,59.0,60.0,0.5,1.0,19.0,C
55.0,63.0,62.0,0.5,1.0,19.0,C
55.0,71.0,67.0,0.5,1.0,19.0,C
55.5,58.0,59.0,0.5,1.0,19.0,C
55.5,63.0,62.0,0.5,1.0,19.0,C
55.5,70.0,66.0,0.5,1.0,19.0,C
56.0,56.0,58.0,0.5,1.0,19.0,C
56.0,63.0,62.0,0.5,1.0,19.0,C
56.0,68.0,65.0,0.5,1.0,19.0,C
56.5,55.0,57.0,0.5,1.0,19.0,C
56.5,63.0,62.0,0.5,1.0,19.0,C
56.5,67.0,64.0,0.5,1.0,19.0,C
57.0,0.0,0.0,0.25,1.0,19.0,R
57.25,80.0,72.0,0.25,1.0,20.0,N
57.5,68.0,65.0,0.75,1.0,20.0,N
58.25,79.0,71.0,0.25,1.0,20.0,N
58.5,67.0,64.0,0.75,1.0,20.0,N
59.25,77.0,70.0,0.25,1.0,20.0,N
59.5,65.0,63.0,0.75,1.0,20.0,N
60.25,79.0,71.0,0.25,1.0,21.0,N
60.5,67.0,64.0,0.75,1.0,21.0,N
61.25,77.0,70.0,0.25,1.0,21.0,N
61.5,65.0,63.0,0.5,1.0,21.0,N
62.0,75.0,69.0,0.25,1.0,21.0,N
62.25,63.0,62.0,0.25,1.0,21.0,N
62.5,65.0,63.0,0.25,1.0,21.0,N
62.75,67.0,64.0,0.25,1.0,21.0,N
63.0,0.0,0.0,0.25,1.0,21.0,R
63.25,70.0,66.0,0.25,1.0,22.0,N
63.5,68.0,65.0,0.25,1.0,22.0,N
63.75,56.0,58.0,0.25,1.0,22.0,N
64.0,0.0,0.0,0.25,1.0,22.0,R
64.25,68.0,65.0,0.25,1.0,22.0,N
64.5,67.0,64.0,0.25,1.0,22.0,N
64.75,55.0,57.0,0.25,1.0,22.0,N
65.0,0.0,0.0,0.25,1.0,22.0,R
65.25,67.0,64.0,0.25,1.0,22.0,N
65.5,65.0,63.0,0.25,1.0,22.0,N
65.75,66.0,63.0,0.25,1.0,22.0,N
66.0,0.0,0.0,0.25,1.0,22.0,R
66.25,68.0,65.0,0.25,1.0,23.0,N
66.5,67.0,64.0,0.25,1.0,23.0,N
66.75,55.0,57.0,0.25,1.0,23.0,N
67.0,0.0,0.0,0.25,1.0,23.0,R
67.25,67.0,64.0,0.25,1.0,23.0,N
67.5,65.0,63.0,0.25,1.0,23.0,N
67.75,53.0,56.0,0.25,1.0,23.0,N
68.0,55.0,57.0,0.25,1.0,23.0,C
68.0,63.0,62.0,0.25,1.0,23.0,C
68.25,56.0,58.0,0.25,1.0,23.0,C
68.25,62.0,61.0,0.25,1.0,23.0,C
68.5,55.0,57.0,0.25,1.0,23.0,C
68.5,63.0,62.0,0.25,1.0,23.0,C
68.75,56.0,58.0,0.25,1.0,23.0,C
68.75,62.0,61.0,0.25,1.0,23.0,C
69.0,55.0,57.0,1.0,1.0,24.0,C
69.0,63.0,62.0,1.0,1.0,24.0,C
70.0,56.0,58.0,1.0,1.0,24.0,C
70.0,62.0,61.0,1.0,1.0,24.0,C
71.0,55.0,57.0,0.25,1.0,24.0,C
71.0,63.0,62.0,0.25,1.0,24.0,C
71.25,53.0,56.0,0.25,1.0,24.0,C
71.25,60.0,60.0,0.25,1.0,24.0,C
71.5,55.0,57.0,0.25,1.0,24.0,C
71.5,63.0,62.0,0.25,1.0,24.0,C
71.75,53.0,56.0,0.25,1.0,24.0,C
71.75,60.0,60.0,0.25,1.0,24.0,C
72.0,55.0,57.0,1.0,1.0,25.0,C
72.0,58.0,59.0,1.0,1.0,25.0,C
72.0,63.0,62.0,1.0,1.0,25.0,C
73.0,53.0,56.0,1.0,1.0,25.0,N
74.0,51.0,55.0,1.0,1.0,25.0,N
75.0,50.0,54.0,1.0,1.0,26.0,N
76.0,48.0,53.0,1.0,1.0,26.0,N
77.0,46.0,52.0,1.0,1.0,26.0,N
78.0,44.0,51.0,2.25,1.0,27.0,N
80.25,43.0,50.0,0.125,1.0,27.0,N
80.375,44.0,51.0,0.125,1.0,27.0,N
80.5,46.0,52.0,0.125,1.0,27.0,N
80.625,44.0,51.0,0.125,1.0,27.0,N
80.75,43.0,50.0,0.125,1.0,27.0,N
80.875,41.0,49.0,0.125,1.0,27.0,N
81.0,39.0,48.0,0.25,1.0,28.0,N
81.25,51.0,55.0,0.25,1.0,28.0,C
81.25,55.0,57.0,0.25,1.0,28.0,C
81.5,51.0,55.0,0.25,1.0,28.0,C
81.5,55.0,57.0,0.25,1.0,28.0,C
81.75,50.0,54.0,0.25,1.0,28.0,C
81.75,51.0,55.0,0.25,1.0,28.0,C
81.75,55.0,57.0,0.25,1.0,28.0,C
82.0,50.0,54.0,0.25,1.0,28.0,C
82.0,51.0,55.0,0.25,1.0,28.0,C
82.0,55.0,57.0,0.25,1.0,28.0,C
82.25,48.0,53.0,0.25,1.0,28.0,C
82.25,51.0,55.0,0.25,1.0,28.0,C
82.25,55.0,57.0,0.25,1.0,28.0,C
82.5,48.0,53.0,0.25,1.0,28.0,C
82.5,51.0,55.0,0.25,1.0,28.0,C
82.5,55.0,57.0,0.25,1.0,28.0,C
82.75,46.0,52.0,0.25,1.0,28.0,C
82.75,51.0,55.0,0.25,1.0,28.0,C
82.75,55.0,57.0,0.25,1.0,28.0,C
83.0,46.0,52.0,0.25,1.0,28.0,C
83.0,51.0,55.0,0.25,1.0,28.0,C
83.0,55.0,57.0,0.25,1.0,28.0,C
83.25,44.0,51.0,0.25,1.0,28.0,C
83.25,51.0,55.0,0.25,1.0,28.0,C
83.25,55.0,57.0,0.25,1.0,28.0,C
83.5,43.0,50.0,0.25,1.0,28.0,C
83.5,51.0,55.0,0.25,1.0,28.0,C
83.5,55.0,57.0,0.25,1.0,28.0,C
83.75,43.0,50.0,0.25,1.0,28.0,C
83.75,51.0,55.0,0.25,1.0,28.0,C
83.75,55.0,57.0,0.25,1.0,28.0,C
84.0,43.0,50.0,0.25,1.0,29.0,N
84.25,51.0,55.0,0.25,1.0,29.0,C
84.25,55.0,57.0,0.25,1.0,29.0,C
84.5,51.0,55.0,0.25,1.0,29.0,C
84.5,55.0,57.0,0.25,1.0,29.0,C
84.75,50.0,54.0,0.25,1.0,29.0,C
84.75,51.0,55.0,0.25,1.0,29.0,C
84.75,55.0,57.0,0.25,1.0,29.0,C
85.0,50.0,54.0,0.25,1.0,29.0,C
85.0,51.0,55.0,0.25,1.0,29.0,C
85.0,55.0,57.0,0.25,1.0,29.0,C
85.25,48.0,53.0,0.25,1.0,29.0,C
85.25,51.0,55.0,0.25,1.0,29.0,C
85.25,55.0,57.0,0.25,1.0,29.0,C
85.5,48.0,53.0,0.25,1.0,29.0,C
85.5,51.0,55.0,0.25,1.0,29.0,C
85.5,55.0,57.0,0.25,1.0,29.0,C
85.75,46.0,52.0,0.25,1.0,29.0,C
85.75,51.0,55.0,0.25,1.0,29.0,C
85.75,55.0,57.0,0.25,1.0,29.0,C
86.0,46.0,52.0,0.25,1.0,29.0,C
86.0,51.0,55.0,0.25,1.0,29.0,C
86.0,55.0,57.0,0.25,1.0,29.0,C
86.25,44.0,51.0,0.25,1.0,29.0,C
86.25,51.0,55.0,0.25,1.0,29.0,C
86.25,55.0,57.0,0.25,1.0,29.0,C
86.5,43.0,50.0,0.25,1.0,29.0,C
86.5,51.0,55.0,0.25,1.0,29.0,C
86.5,55.0,57.0,0.25,1.0,29.0,C
86.75,43.0,50.0,0.25,1.0,29.0,C
86.75,51.0,55.0,0.25,1.0,29.0,C
86.75,55.0,57.0,0.25,1.0,29.0,C
87.0,43.0,50.0,0.25,1.0,30.0,N
87.25,51.0,55.0,0.25,1.0,30.0,C
87.25,55.0,57.0,0.25,1.0,30.0,C
87.5,51.0,55.0,0.25,1.0,30.0,C
87.5,55.0,57.0,0.25,1.0,30.0,C
87.75,50.0,54.0,0.25,1.0,30.0,C
87.75,51.0,55.0,0.25,1.0,30.0,C
87.75,55.0,57.0,0.25,1.0,30.0,C
88.0,50.0,54.0,0.25,1.0,30.0,C
88.0,51.0,55.0,0.25,1.0,30.0,C
88.0,55.0,57.0,0.25,1.0,30.0,C
88.25,48.0,53.0,0.25,1.0,30.0,C
88.25,51.0,55.0,0.25,1.0,30.0,C
88.25,55.0,57.0,0.25,1.0,30.0,C
88.5,48.0,53.0,0.25,1.0,30.0,C
88.5,51.0,55.0,0.25,1.0,30.0,C
88.5,55.0,57.0,0.25,1.0,30.0,C
88.75,46.0,52.0,0.25,1.0,30.0,C
88.75,51.0,55.0,0.25,1.0,30.0,C
88.75,55.0,57.0,0.25,1.0,30.0,C
89.0,46.0,52.0,0.25,1.0,30.0,C
89.0,51.0,55.0,0.25,1.0,30.0,C
89.0,55.0,57.0,0.25,1.0,30.0,C
89.25,46.0,52.0,0.25,1.0,30.0,C
89.25,51.0,55.0,0.25,1.0,30.0,C
89.25,55.0,57.0,0.25,1.0,30.0,C
89.5,43.0,50.0,0.25,1.0,30.0,C
89.5,51.0,55.0,0.25,1.0,30.0,C
89.5,55.0,57.0,0.25,1.0,30.0,C
89.75,43.0,50.0,0.25,1.0,30.0,C
89.75,51.0,55.0,0.25,1.0,30.0,C
89.75,55.0,57.0,0.25,1.0,30.0,C
90.0,44.0,51.0,1.0,1.0,31.0,C
90.0,51.0,55.0,1.0,1.0,31.0,C
90.0,53.0,56.0,1.0,1.0,31.0,C
91.0,0.0,0.0,0.75,1.0,31.0,R
91.75,45.0,51.0,0.25,1.0,31.0,C
91.75,51.0,55.0,0.25,1.0,31.0,C
91.75,53.0,56.0,0.25,1.0,31.0,C
92.0,46.0,52.0,0.5,1.0,31.0,C
92.0,50.0,54.0,0.5,1.0,31.0,C
92.0,53.0,56.0,0.5,1.0,31.0,C
92.5,0.0,0.0,0.25,1.0,31.0,R
92.75,46.0,52.0,0.25,1.0,31.0,C
92.75,50.0,54.0,0.25,1.0,31.0,C
93.0,48.0,53.0,1.0,1.0,32.0,C
93.0,51.0,55.0,1.0,1.0,32.0,C
94.0,50.0,54.0,1.0,1.0,32.0,C
94.0,59.0,60.0,1.0,1.0,32.0,C
95.0,51.0,55.0,0.25,1.0,32.0,C
95.0,58.0,59.0,0.25,1.0,32.0,C
95.25,63.0,62.0,0.25,1.0,32.0,C
95.25,67.0,64.0,0.25,1.0,32.0,C
95.5,65.0,63.0,0.25,1.0,32.0,C
95.5,68.0,65.0,0.25,1.0,32.0,C
95.75,67.0,64.0,0.25,1.0,32.0,C
95.75,70.0,66.0,0.25,1.0,32.0,C
96.0,68.0,65.0,0.5,1.0,33.0,C
96.0,72.0,67.0,0.5,1.0,33.0,C
96.5,0.0,0.0,1.25,1.0,33.0,R
97.75,45.0,51.0,0.25,1.0,33.0,C
97.75,51.0,55.0,0.25,1.0,33.0,C
97.75,53.0,56.0,0.25,1.0,33.0,C
98.0,46.0,52.0,0.5,1.0,33.0,C
98.0,53.0,56.0,0.5,1.0,33.0,C
98.5,0.0,0.0,0.25,1.0,33.0,R
98.75,46.0,52.0,0.25,1.0,33.0,C
98.75,56.0,58.0,0.25,1.0,33.0,C
99.0,51.0,55.0,1.0,1.0,34.0,N
99.0,55.0,57.0,0.5,1.0,34.0,N
99.5,56.0,58.0,0.25,1.0,34.0,N
99.75,55.0,57.0,0.25,1.0,34.0,N
100.0,51.0,55.0,0.25,1.0,34.0,C
100.0,53.0,56.0,0.25,1.0,34.0,C
100.25,51.0,55.0,0.25,1.0,34.0,N
100.5,50.0,54.0,0.25,1.0,34.0,N
100.75,51.0,55.0,0.25,1.0,34.0,N
101.0,46.0,52.0,1.0,1.0,34.0,C
101.0,53.0,56.0,1.0,1.0,34.0,C
102.0,39.0,48.0,1.25,1.0,35.0,N
102.0,51.0,55.0,0.25,1.0,35.0,N
102.25,43.0,50.0,0.25,1.0,35.0,N
102.5,44.0,51.0,0.25,1.0,35.0,N
102.75,43.0,50.0,0.25,1.0,35.0,N
103.0,39.0,48.0,0.25,1.0,35.0,C
103.0,41.0,49.0,0.25,1.0,35.0,C
103.25,39.0,48.0,0.25,1.0,35.0,N
103.5,38.0,47.0,0.25,1.0,35.0,N
103.75,39.0,48.0,0.25,1.0,35.0,N
104.0,34.0,45.0,1.0,1.0,35.0,C
104.0,41.0,49.0,1.0,1.0,35.0,C
104.0,56.0,58.0,1.0,1.0,35.0,C
105.0,39.0,48.0,1.0,1.0,36.0,C
105.0,43.0,50.0,1.0,1.0,36.0,C
105.0,55.0,57.0,1.0,1.0,36.0,C
106.0,39.0,48.0,3.0,1.0,36.0,N
106.0,43.0,50.0,2.0,1.0,36.0,C
106.0,46.0,52.0,2.0,1.0,36.0,C
106.0,51.0,55.0,2.0,1.0,36.0,C
108.0,0.0,0.0,1.0,1.0,36.0,R
109.0,51.0,55.0,1.0,1.0,37.0,C
109.0,55.0,57.0,1.0,1.0,37.0,C
109.0,58.0,59.0,1.0,1.0,37.0,C
109.0,63.0,62.0,1.0,1.0,37.0,C
110.0,51.0,55.0,1.0,1.0,37.0,C
110.0,55.0,57.0,1.0,1.0,37.0,C
110.0,58.0,59.0,1.0,1.0,37.0,C
110.0,63.0,62.0,1.0,1.0,37.0,C
111.0,51.0,55.0,1.0,1.0,38.0,C
111.0,55.0,57.0,1.0,1.0,38.0,C
111.0,58.0,59.0,1.0,1.0,38.0,C
111.0,63.0,62.0,1.0,1.0,38.0,C
112.0,39.0,48.0,1.0,1.0,38.0,N
112.0,39.0,48.0,2.0,1.0,38.0,N
113.0,51.0,55.0,1.0,1.0,38.0,N
114.0,37.0,47.0,1.0,1.0,39.0,N
114.0,37.0,47.0,3.0,1.0,39.0,N
115.0,49.0,54.0,2.0,1.0,39.0,N
117.0,36.0,46.0,0.25,1.0,40.0,C
117.0,48.0,53.0,0.25,1.0,40.0,C
117.25,53.0,56.0,0.25,1.0,40.0,C
117.25,56.0,58.0,0.25,1.0,40.0,C
117.5,53.0,56.0,0.25,1.0,40.0,C
117.5,56.0,58.0,0.25,1.0,40.0,C
117.75,53.0,56.0,0.25,1.0,40.0,C
117.75,56.0,58.0,0.25,1.0,40.0,C
118.0,48.0,53.0,0.25,1.0,40.0,N
118.25,53.0,56.0,0.25,1.0,40.0,C
118.25,56.0,58.0,0.25,1.0,40.0,C
118.5,53.0,56.0,0.25,1.0,40.0,C
118.5,56.0,58.0,0.25,1.0,40.0,C
118.75,53.0,56.0,0.25,1.0,40.0,C
118.75,56.0,58.0,0.25,1.0,40.0,C
119.0,48.0,53.0,0.25,1.0,40.0,N
119.25,53.0,56.0,0.25,1.0,40.0,C
119.25,56.0,58.0,0.25,1.0,40.0,C
119.5,53.0,56.0,0.25,1.0,40.0,C
119.5,56.0,58.0,0.25,1.0,40.0,C
119.75,53.0,56.0,0.25,1.0,40.0,C
119.75,56.0,58.0,0.25,1.0,40.0,C
120.0,48.0,53.0,0.25,1.0,41.0,N
120.25,55.0,57.0,0.25,1.0,41.0,C
120.25,58.0,59.0,0.25,1.0,41.0,C
120.5,55.0,57.0,0.25,1.0,41.0,C
120.5,58.0,59.0,0.25,1.0,41.0,C
120.75,55.0,57.0,0.25,1.0,41.0,C
120.75,58.0,59.0,0.25,1.0,41.0,C
121.0,48.0,53.0,0.25,1.0,41.0,N
121.25,55.0,57.0,0.25,1.0,41.0,C
121.25,58.0,59.0,0.25,1.0,41.0,C
121.5,55.0,57.0,0.25,1.0,41.0,C
121.5,58.0,59.0,0.25,1.0,41.0,C
121.75,55.0,57.0,0.25,1.0,41.0,C
121.75,58.0,59.0,0.25,1.0,41.0,C
122.0,48.0,53.0,0.25,1.0,41.0,N
122.25,55.0,57.0,0.25,1.0,41.0,C
122.25,58.0,59.0,0.25,1.0,41.0,C
122.5,55.0,57.0,0.25,1.0,41.0,C
122.5,58.0,59.0,0.25,1.0,41.0,C
122.75,55.0,57.0,0.25,1.0,41.0,C
122.75,58.0,59.0,0.25,1.0,41.0,C
123.0,48.0,53.0,0.25,1.0,42.0,N
123.25,52.0,55.0,0.25,1.0,42.0,C
123.25,55.0,57.0,0.25,1.0,42.0,C
123.5,52.0,55.0,0.25,1.0,42.0,C
123.5,55.0,57.0,0.25,1.0,42.0,C
123.75,52.0,55.0,0.25,1.0,42.0,C
123.75,55.0,57.0,0.25,1.0,42.0,C
124.0,48.0,53.0,0.25,1.0,42.0,N
124.25,52.0,55.0,0.25,1.0,42.0,C
124.25,55.0,57.0,0.25,1.0,42.0,C
124.5,52.0,55.0,0.25,1.0,42.0,C
124.5,55.0,57.0,0.25,1.0,42.0,C
124.75,52.0,55.0,0.25,1.0,42.0,C
124.75,55.0,57.0,0.25,1.0,42.0,C
125.0,48.0,53.0,0.25,1.0,42.0,N
125.25,52.0,55.0,0.25,1.0,42.0,C
125.25,55.0,57.0,0.25,1.0,42.0,C
125.5,52.0,55.0,0.25,1.0,42.0,C
125.5,55.0,57.0,0.25,1.0,42.0,C
125.75,52.0,55.0,0.25,1.0,42.0,C
125.75,55.0,57.0,0.25,1.0,42.0,C
126.0,48.0,53.0,0.25,1.0,43.0,N
126.25,53.0,56.0,0.25,1.0,43.0,C
126.25,56.0,58.0,0.25,1.0,43.0,C
126.5,53.0,56.0,0.25,1.0,43.0,C
126.5,56.0,58.0,0.25,1.0,43.0,C
126.75,53.0,56.0,0.25,1.0,43.0,C
126.75,56.0,58.0,0.25,1.0,43.0,C
127.0,48.0,53.0,0.25,1.0,43.0,N
127.25,53.0,56.0,0.25,1.0,43.0,C
127.25,56.0,58.0,0.25,1.0,43.0,C
127.5,53.0,56.0,0.25,1.0,43.0,C
127.5,56.0,58.0,0.25,1.0,43.0,C
127.75,53.0,56.0,0.25,1.0,43.0,C
127.75,56.0,58.0,0.25,1.0,43.0,C
128.0,48.0,53.0,0.25,1.0,43.0,N
128.25,53.0,56.0,0.25,1.0,43.0,C
128.25,56.0,58.0,0.25,1.0,43.0,C
128.5,53.0,56.0,0.25,1.0,43.0,C
128.5,56.0,58.0,0.25,1.0,43.0,C
128.75,53.0,56.0,0.25,1.0,43.0,C
128.75,56.0,58.0,0.25,1.0,43.0,C
129.0,41.0,49.0,0.25,1.0,44.0,N
129.25,48.0,53.0,0.25,1.0,44.0,N
129.5,50.0,54.0,0.25,1.0,44.0,N
129.75,52.0,55.0,0.25,1.0,44.0,N
130.0,53.0,56.0,0.25,1.0,44.0,N
130.25,55.0,57.0,0.25,1.0,44.0,N
130.5,56.0,58.0,0.25,1.0,44.0,N
130.75,58.0,59.0,0.25,1.0,44.0,N
131.0,60.0,60.0,0.25,1.0,44.0,N
131.25,56.0,58.0,0.25,1.0,44.0,N
131.5,55.0,57.0,0.25,1.0,44.0,N
131.75,53.0,56.0,0.25,1.0,44.0,N
132.0,48.0,53.0,0.25,1.0,45.0,N
132.25,35.0,45.0,0.25,1.0,45.0,N
132.5,36.0,46.0,0.25,1.0,45.0,N
132.75,35.0,45.0,0.25,1.0,45.0,N
133.0,36.0,46.0,0.25,1.0,45.0,N
133.25,40.0,48.0,0.25,1.0,45.0,N
133.5,43.0,50.0,0.25,1.0,45.0,N
133.75,47.0,52.0,0.25,1.0,45.0,N
134.0,48.0,53.0,0.25,1.0,45.0,N
134.25,46.0,52.0,0.25,1.0,45.0,N
134.5,44.0,51.0,0.25,1.0,45.0,N
134.75,43.0,50.0,0.25,1.0,45.0,N
135.0,41.0,49.0,0.25,1.0,46.0,N
135.25,48.0,53.0,0.25,1.0,46.0,N
135.5,50.0,54.0,0.25,1.0,46.0,N
135.75,52.0,55.0,0.25,1.0,46.0,N
136.0,53.0,56.0,0.25,1.0,46.0,N
136.25,55.0,57.0,0.25,1.0,46.0,N
136.5,56.0,58.0,0.25,1.0,46.0,N
136.75,58.0,59.0,0.25,1.0,46.0,N
137.0,60.0,60.0,0.25,1.0,46.0,N
137.25,56.0,58.0,0.25,1.0,46.0,N
137.5,55.0,57.0,0.25,1.0,46.0,N
137.75,53.0,56.0,0.25,1.0,46.0,N
138.0,51.0,55.0,0.25,1.0,47.0,N
138.25,39.0,48.0,0.25,1.0,47.0,N
138.5,41.0,49.0,0.25,1.0,47.0,N
138.75,42.0,50.0,0.25,1.0,47.0,N
139.0,44.0,51.0,0.25,1.0,47.0,N
139.25,45.0,51.0,0.25,1.0,47.0,N
139.5,46.0,52.0,0.25,1.0,47.0,N
139.75,44.0,51.0,0.25,1.0,47.0,N
140.0,42.0,50.0,0.25,1.0,47.0,N
140.25,41.0,49.0,0.25,1.0,47.0,N
140.5,39.0,48.0,0.25,1.0,47.0,N
140.75,44.0,51.0,0.25,1.0,47.0,N
141.0,37.0,47.0,0.25,1.0,48.0,N
141.25,49.0,54.0,0.25,1.0,48.0,N
141.5,51.0,55.0,0.25,1.0,48.0,N
141.75,53.0,56.0,0.25,1.0,48.0,N
142.0,54.0,57.0,0.25,1.0,48.0,N
142.25,56.0,58.0,0.25,1.0,48.0,N
142.5,58.0,59.0,0.25,1.0,48.0,N
142.75,56.0,58.0,0.25,1.0,48.0,N
143.0,54.0,57.0,0.25,1.0,48.0,N
143.25,53.0,56.0,0.25,1.0,48.0,N
143.5,51.0,55.0,0.25,1.0,48.0,N
143.75,49.0,54.0,0.25,1.0,48.0,N
144.0,44.0,51.0,0.25,1.0,49.0,N
144.25,31.0,43.0,0.25,1.0,49.0,N
144.5,32.0,44.0,0.25,1.0,49.0,N
144.75,31.0,43.0,0.25,1.0,49.0,N
145.0,32.0,44.0,0.25,1.0,49.0,N
145.25,34.0,45.0,0.25,1.0,49.0,N
145.5,36.0,46.0,0.25,1.0,49.0,N
145.75,37.0,47.0,0.25,1.0,49.0,N
146.0,39.0,48.0,0.25,1.0,49.0,N
146.25,41.0,49.0,0.25,1.0,49.0,N
146.5,42.0,50.0,0.25,1.0,49.0,N
146.75,44.0,51.0,0.25,1.0,49.0,N
147.0,37.0,47.0,0.25,1.0,50.0,N
147.25,45.0,51.0,0.25,1.0,50.0,N
147.5,46.0,52.0,0.25,1.0,50.0,N
147.75,45.0,51.0,0.25,1.0,50.0,N
148.0,46.0,52.0,0.25,1.0,50.0,N
148.25,48.0,53.0,0.25,1.0,50.0,N
148.5,49.0,54.0,0.25,1.0,50.0,N
148.75,51.0,55.0,0.25,1.0,50.0,N
149.0,53.0,56.0,0.25,1.0,50.0,N
149.25,49.0,54.0,0.25,1.0,50.0,N
149.5,48.0,53.0,0.25,1.0,50.0,N
149.75,46.0,52.0,0.25,1.0,50.0,N
150.0,48.0,53.0,0.25,1.0,51.0,N
150.25,36.0,46.0,0.25,1.0,51.0,N
150.5,37.0,47.0,0.25,1.0,51.0,N
150.75,39.0,48.0,0.25,1.0,51.0,N
151.0,41.0,49.0,0.25,1.0,51.0,N
151.25,42.0,50.0,0.25,1.0,51.0,N
151.5,41.0,49.0,0.25,1.0,51.0,N
151.75,40.0,48.0,0.25,1.0,51.0,N
152.0,41.0,49.0,0.25,1.0,51.0,N
152.25,29.0,42.0,0.25,1.0,51.0,N
152.5,31.0,43.0,0.25,1.0,51.0,N
152.75,33.0,44.0,0.25,1.0,51.0,N
153.0,34.0,45.0,0.25,1.0,52.0,N
153.25,41.0,49.0,0.25,1.0,52.0,N
153.5,43.0,50.0,0.25,1.0,52.0,N
153.75,45.0,51.0,0.25,1.0,52.0,N
154.0,46.0,52.0,0.25,1.0,52.0,N
154.25,48.0,53.0,0.25,1.0,52.0,N
154.5,49.0,54.0,0.25,1.0,52.0,N
154.75,51.0,55.0,0.25,1.0,52.0,N
155.0,53.0,56.0,0.25,1.0,52.0,N
155.25,49.0,54.0,0.25,1.0,52.0,N
155.5,48.0,53.0,0.25,1.0,52.0,N
155.75,46.0,52.0,0.25,1.0,52.0,N
156.0,41.0,49.0,0.25,1.0,53.0,N
156.25,29.0,42.0,0.25,1.0,53.0,N
156.5,31.0,43.0,0.25,1.0,53.0,N
156.75,33.0,44.0,0.25,1.0,53.0,N
157.0,34.0,45.0,0.25,1.0,53.0,N
157.25,36.0,46.0,0.25,1.0,53.0,N
157.5,37.0,47.0,0.25,1.0,53.0,N
157.75,39.0,48.0,0.25,1.0,53.0,N
158.0,41.0,49.0,0.25,1.0,53.0,N
158.25,39.0,48.0,0.25,1.0,53.0,N
158.5,37.0,47.0,0.25,1.0,53.0,N
158.75,36.0,46.0,0.25,1.0,53.0,N
159.0,34.0,45.0,0.25,1.0,54.0,N
159.25,45.0,51.0,0.25,1.0,54.0,N
159.5,46.0,52.0,0.25,1.0,54.0,N
159.75,48.0,53.0,0.25,1.0,54.0,N
160.0,49.0,54.0,0.25,1.0,54.0,N
160.25,51.0,55.0,0.25,1.0,54.0,N
160.5,53.0,56.0,0.25,1.0,54.0,N
160.75,51.0,55.0,0.25,1.0,54.0,N
161.0,49.0,54.0,0.25,1.0,54.0,N
161.25,48.0,53.0,0.25,1.0,54.0,N
161.5,46.0,52.0,0.25,1.0,54.0,N
161.75,44.0,51.0,0.25,1.0,54.0,N
162.0,43.0,50.0,0.25,1.0,55.0,N
162.25,38.0,47.0,0.25,1.0,55.0,N
162.5,39.0,48.0,0.25,1.0,55.0,N
162.75,41.0,49.0,0.25,1.0,55.0,N
163.0,43.0,50.0,0.25,1.0,55.0,N
163.25,44.0,51.0,0.25,1.0,55.0,N
163.5,46.0,52.0,0.25,1.0,55.0,N
163.75,44.0,51.0,0.25,1.0,55.0,N
164.0,43.0,50.0,0.25,1.0,55.0,N
164.25,41.0,49.0,0.25,1.0,55.0,N
164.5,39.0,48.0,0.125,1.0,55.0,N
164.625,37.0,47.0,0.125,1.0,55.0,N
164.75,36.0,46.0,0.125,1.0,55.0,N
164.875,34.0,45.0,0.125,1.0,55.0,N
165.0,32.0,44.0,0.125,1.0,56.0,N
165.125,39.0,48.0,0.125,1.0,56.0,N
165.25,36.0,46.0,0.125,1.0,56.0,N
165.375,39.0,48.0,0.125,1.0,56.0,N
165.5,44.0,51.0,0.125,1.0,56.0,N
165.625,51.0,55.0,0.125,1.0,56.0,N
165.75,48.0,53.0,0.125,1.0,56.0,N
165.875,51.0,55.0,0.125,1.0,56.0,N
166.0,44.0,51.0,0.125,1.0,56.0,N
166.125,51.0,55.0,0.125,1.0,56.0,N
166.25,48.0,53.0,0.125,1.0,56.0,N
166.375,51.0,55.0,0.125,1.0,56.0,N
166.5,56.0,58.0,0.125,1.0,56.0,N
166.625,51.0,55.0,0.125,1.0,56.0,N
166.75,48.0,53.0,0.125,1.0,56.0,N
166.875,51.0,55.0,0.125,1.0,56.0,N
167.0,48.0,53.0,0.125,1.0,56.0,N
167.125,56.0,58.0,0.125,1.0,56.0,N
167.25,51.0,55.0,0.125,1.0,56.0,N
167.375,56.0,58.0,0.125,1.0,56.0,N
167.5,60.0,60.0,0.125,1.0,56.0,N
167.625,56.0,58.0,0.125,1.0,56.0,N
167.75,51.0,55.0,0.125,1.0,56.0,N
167.875,56.0,58.0,0.125,1.0,56.0,N
168.0,46.0,52.0,0.125,1.0,57.0,N
168.125,55.0,57.0,0.125,1.0,57.0,N
168.25,51.0,55.0,0.125,1.0,57.0,N
168.375,55.0,57.0,0.125,1.0,57.0,N
168.5,58.0,59.0,0.125,1.0,57.0,N
168.625,55.0,57.0,0.125,1.0,57.0,N
168.75,51.0,55.0,0.125,1.0,57.0,N
168.875,55.0,57.0,0.125,1.0,57.0,N
169.0,49.0,54.0,0.125,1.0,57.0,N
169.125,55.0,57.0,0.125,1.0,57.0,N
169.25,51.0,55.0,0.125,1.0,57.0,N
169.375,55.0,57.0,0.125,1.0,57.0,N
169.5,58.0,59.0,0.125,1.0,57.0,N
169.625,55.0,57.0,0.125,1.0,57.0,N
169.75,51.0,55.0,0.125,1.0,57.0,N
169.875,55.0,57.0,0.125,1.0,57.0,N
170.0,49.0,54.0,0.125,1.0,57.0,N
170.125,55.0,57.0,0.125,1.0,57.0,N
170.25,51.0,55.0,0.125,1.0,57.0,N
170.375,55.0,57.0,0.125,1.0,57.0,N
170.5,58.0,59.0,0.125,1.0,57.0,N
170.625,55.0,57.0,0.125,1.0,57.0,N
170.75,51.0,55.0,0.125,1.0,57.0,N
170.875,55.0,57.0,0.125,1.0,57.0,N
171.0,48.0,53.0,0.125,1.0,58.0,N
171.125,56.0,58.0,0.125,1.0,58.0,N
171.25,51.0,55.0,0.125,1.0,58.0,N
171.375,56.0,58.0,0.125,1.0,58.0,N
171.5,60.0,60.0,0.125,1.0,58.0,N
171.625,56.0,58.0,0.125,1.0,58.0,N
171.75,51.0,55.0,0.125,1.0,58.0,N
171.875,56.0,58.0,0.125,1.0,58.0,N
172.0,48.0,53.0,0.125,1.0,58.0,N
172.125,60.0,60.0,0.125,1.0,58.0,N
172.25,56.0,58.0,0.125,1.0,58.0,N
172.375,60.0,60.0,0.125,1.0,58.0,N
172.5,47.0,52.0,0.125,1.0,58.0,N
172.625,59.0,59.0,0.125,1.0,58.0,N
172.75,56.0,58.0,0.125,1.0,58.0,N
172.875,59.0,59.0,0.125,1.0,58.0,N
173.0,48.0,53.0,0.125,1.0,58.0,N
173.125,60.0,60.0,0.125,1.0,58.0,N
173.25,56.0,58.0,0.125,1.0,58.0,N
173.375,60.0,60.0,0.125,1.0,58.0,N
173.5,49.0,54.0,0.125,1.0,58.0,N
173.625,61.0,61.0,0.125,1.0,58.0,N
173.75,56.0,58.0,0.125,1.0,58.0,N
173.875,61.0,61.0,0.125,1.0,58.0,N
174.0,51.0,55.0,0.125,1.0,59.0,N
174.125,63.0,62.0,0.125,1.0,59.0,N
174.25,55.0,57.0,0.125,1.0,59.0,N
174.375,63.0,62.0,0.125,1.0,59.0,N
174.5,53.0,56.0,0.125,1.0,59.0,N
174.625,65.0,63.0,0.125,1.0,59.0,N
174.75,56.0,58.0,0.125,1.0,59.0,N
174.875,65.0,63.0,0.125,1.0,59.0,N
175.0,55.0,57.0,0.125,1.0,59.0,N
175.125,67.0,64.0,0.125,1.0,59.0,N
175.25,58.0,59.0,0.125,1.0,59.0,N
175.375,67.0,64.0,0.125,1.0,59.0,N
175.5,51.0,55.0,0.125,1.0,59.0,N
175.625,63.0,62.0,0.125,1.0,59.0,N
175.75,55.0,57.0,0.125,1.0,59.0,N
175.875,63.0,62.0,0.125,1.0,59.0,N
176.0,53.0,56.0,0.125,1.0,59.0,N
176.125,65.0,63.0,0.125,1.0,59.0,N
176.25,56.0,58.0,0.125,1.0,59.0,N
176.375,65.0,63.0,0.125,1.0,59.0,N
176.5,55.0,57.0,0.125,1.0,59.0,N
176.625,67.0,64.0,0.125,1.0,59.0,N
176.75,58.0,59.0,0.125,1.0,59.0,N
176.875,67.0,64.0,0.125,1.0,59.0,N
177.0,60.0,60.0,1.5,1.0,60.0,C
177.0,63.0,62.0,1.5,1.0,60.0,C
178.5,56.0,58.0,0.5,1.0,60.0,C
178.5,60.0,60.0,0.5,1.0,60.0,C
179.0,56.0,58.0,0.75,1.0,60.0,C
179.0,60.0,60.0,0.75,1.0,60.0,C
179.75,56.0,58.0,0.25,1.0,60.0,C
179.75,60.0,60.0,0.25,1.0,60.0,C
180.0,61.0,61.0,1.0,1.0,61.0,C
180.0,65.0,63.0,1.0,1.0,61.0,C
181.0,58.0,59.0,2.0,1.0,61.0,C
181.0,61.0,61.0,2.0,1.0,61.0,C
183.0,63.0,62.0,1.0,1.0,62.0,C
183.0,66.0,64.0,1.0,1.0,62.0,C
184.0,60.0,60.0,2.0,1.0,62.0,N
184.0,63.0,62.0,1.0,1.0,62.0,N
184.0,63.0,62.0,2.0,1.0,62.0,N
185.0,68.0,65.0,1.0,1.0,62.0,N
186.0,61.0,61.0,0.25,1.0,63.0,N
186.25,65.0,63.0,0.25,1.0,63.0,C
186.25,68.0,65.0,0.25,1.0,63.0,C
186.5,65.0,63.0,0.25,1.0,63.0,C
186.5,68.0,65.0,0.25,1.0,63.0,C
186.75,65.0,63.0,0.25,1.0,63.0,C
186.75,68.0,65.0,0.25,1.0,63.0,C
187.0,61.0,61.0,0.25,1.0,63.0,N
187.25,65.0,63.0,0.25,1.0,63.0,C
187.25,68.0,65.0,0.25,1.0,63.0,C
187.5,65.0,63.0,0.25,1.0,63.0,C
187.5,68.0,65.0,0.25,1.0,63.0,C
187.75,65.0,63.0,0.25,1.0,63.0,C
187.75,68.0,65.0,0.25,1.0,63.0,C
188.0,61.0,61.0,0.25,1.0,63.0,N
188.25,65.0,63.0,0.25,1.0,63.0,C
188.25,68.0,65.0,0.25,1.0,63.0,C
188.5,65.0,63.0,0.25,1.0,63.0,C
188.5,68.0,65.0,0.25,1.0,63.0,C
188.75,65.0,63.0,0.25,1.0,63.0,C
188.75,68.0,65.0,0.25,1.0,63.0,C
189.0,63.0,62.0,0.25,1.0,64.0,N
189.25,66.0,64.0,0.25,1.0,64.0,C
189.25,68.0,65.0,0.25,1.0,64.0,C
189.5,66.0,64.0,0.25,1.0,64.0,C
189.5,68.0,65.0,0.25,1.0,64.0,C
189.75,66.0,64.0,0.25,1.0,64.0,C
189.75,68.0,65.0,0.25,1.0,64.0,C
190.0,63.0,62.0,0.25,1.0,64.0,N
190.25,66.0,64.0,0.25,1.0,64.0,C
190.25,68.0,65.0,0.25,1.0,64.0,C
190.5,66.0,64.0,0.25,1.0,64.0,C
190.5,68.0,65.0,0.25,1.0,64.0,C
190.75,66.0,64.0,0.25,1.0,64.0,C
190.75,68.0,65.0,0.25,1.0,64.0,C
191.0,63.0,62.0,0.25,1.0,64.0,N
191.25,66.0,64.0,0.25,1.0,64.0,C
191.25,68.0,65.0,0.25,1.0,64.0,C
191.5,66.0,64.0,0.25,1.0,64.0,C
191.5,68.0,65.0,0.25,1.0,64.0,C
191.75,66.0,64.0,0.25,1.0,64.0,C
191.75,68.0,65.0,0.25,1.0,64.0,C
192.0,66.0,64.0,0.25,1.0,65.0,N
192.25,68.0,65.0,0.25,1.0,65.0,C
192.25,72.0,67.0,0.25,1.0,65.0,C
192.25,75.0,69.0,0.25,1.0,65.0,C
192.5,68.0,65.0,0.25,1.0,65.0,C
192.5,72.0,67.0,0.25,1.0,65.0,C
192.5,75.0,69.0,0.25,1.0,65.0,C
192.75,68.0,65.0,0.25,1.0,65.0,C
192.75,72.0,67.0,0.25,1.0,65.0,C
192.75,75.0,69.0,0.25,1.0,65.0,C
193.0,66.0,64.0,0.25,1.0,65.0,N
193.25,68.0,65.0,0.25,1.0,65.0,C
193.25,72.0,67.0,0.25,1.0,65.0,C
193.25,75.0,69.0,0.25,1.0,65.0,C
193.5,68.0,65.0,0.25,1.0,65.0,C
193.5,72.0,67.0,0.25,1.0,65.0,C
193.5,75.0,69.0,0.25,1.0,65.0,C
193.75,68.0,65.0,0.25,1.0,65.0,C
193.75,72.0,67.0,0.25,1.0,65.0,C
193.75,75.0,69.0,0.25,1.0,65.0,C
194.0,66.0,64.0,0.25,1.0,65.0,N
194.25,68.0,65.0,0.25,1.0,65.0,C
194.25,72.0,67.0,0.25,1.0,65.0,C
194.25,75.0,69.0,0.25,1.0,65.0,C
194.5,68.0,65.0,0.25,1.0,65.0,C
194.5,72.0,67.0,0.25,1.0,65.0,C
194.5,75.0,69.0,0.25,1.0,65.0,C
194.75,68.0,65.0,0.25,1.0,65.0,C
194.75,72.0,67.0,0.25,1.0,65.0,C
194.75,75.0,69.0,0.25,1.0,65.0,C
195.0,65.0,63.0,0.25,1.0,66.0,N
195.25,68.0,65.0,0.25,1.0,66.0,C
195.25,73.0,68.0,0.25,1.0,66.0,C
195.5,68.0,65.0,0.25,1.0,66.0,C
195.5,73.0,68.0,0.25,1.0,66.0,C
195.75,68.0,65.0,0.25,1.0,66.0,C
195.75,73.0,68.0,0.25,1.0,66.0,C
196.0,65.0,63.0,0.25,1.0,66.0,N
196.25,68.0,65.0,0.25,1.0,66.0,C
196.25,73.0,68.0,0.25,1.0,66.0,C
196.5,68.0,65.0,0.25,1.0,66.0,C
196.5,73.0,68.0,0.25,1.0,66.0,C
196.75,68.0,65.0,0.25,1.0,66.0,C
196.75,73.0,68.0,0.25,1.0,66.0,C
197.0,65.0,63.0,0.25,1.0,66.0,N
197.25,68.0,65.0,0.25,1.0,66.0,C
197.25,73.0,68.0,0.25,1.0,66.0,C
197.5,68.0,65.0,0.25,1.0,66.0,C
197.5,73.0,68.0,0.25,1.0,66.0,C
197.75,68.0,65.0,0.25,1.0,66.0,C
197.75,73.0,68.0,0.25,1.0,66.0,C
198.0,64.0,62.0,0.25,1.0,67.0,N
198.25,68.0,64.0,0.25,1.0,67.0,C
198.25,73.0,67.0,0.25,1.0,67.0,C
198.5,68.0,64.0,0.25,1.0,67.0,C
198.5,73.0,67.0,0.25,1.0,67.0,C
198.75,68.0,64.0,0.25,1.0,67.0,C
198.75,73.0,67.0,0.25,1.0,67.0,C
199.0,64.0,62.0,0.25,1.0,67.0,N
199.25,68.0,64.0,0.25,1.0,67.0,C
199.25,73.0,67.0,0.25,1.0,67.0,C
199.5,68.0,64.0,0.25,1.0,67.0,C
199.5,73.0,67.0,0.25,1.0,67.0,C
199.75,68.0,64.0,0.25,1.0,67.0,C
199.75,73.0,67.0,0.25,1.0,67.0,C
200.0,64.0,62.0,0.25,1.0,67.0,N
200.25,68.0,64.0,0.25,1.0,67.0,C
200.25,73.0,67.0,0.25,1.0,67.0,C
200.5,68.0,64.0,0.25,1.0,67.0,C
200.5,73.0,67.0,0.25,1.0,67.0,C
200.75,68.0,64.0,0.25,1.0,67.0,C
200.75,73.0,67.0,0.25,1.0,67.0,C
201.0,63.0,61.0,0.25,1.0,68.0,N
201.25,66.0,63.0,0.25,1.0,68.0,C
201.25,71.0,66.0,0.25,1.0,68.0,C
201.5,66.0,63.0,0.25,1.0,68.0,C
201.5,71.0,66.0,0.25,1.0,68.0,C
201.75,66.0,63.0,0.25,1.0,68.0,C
201.75,71.0,66.0,0.25,1.0,68.0,C
202.0,63.0,61.0,0.25,1.0,68.0,N
202.25,66.0,63.0,0.25,1.0,68.0,C
202.25,71.0,66.0,0.25,1.0,68.0,C
202.5,66.0,63.0,0.25,1.0,68.0,C
202.5,71.0,66.0,0.25,1.0,68.0,C
202.75,66.0,63.0,0.25,1.0,68.0,C
202.75,71.0,66.0,0.25,1.0,68.0,C
203.0,63.0,61.0,0.25,1.0,68.0,N
203.25,66.0,63.0,0.25,1.0,68.0,C
203.25,71.0,66.0,0.25,1.0,68.0,C
203.5,66.0,63.0,0.25,1.0,68.0,C
203.5,71.0,66.0,0.25,1.0,68.0,C
203.75,66.0,63.0,0.25,1.0,68.0,C
203.75,71.0,66.0,0.25,1.0,68.0,C
204.0,63.0,61.0,0.25,1.0,69.0,N
204.25,66.0,63.0,0.25,1.0,69.0,C
204.25,71.0,66.0,0.25,1.0,69.0,C
204.5,66.0,63.0,0.25,1.0,69.0,C
204.5,71.0,66.0,0.25,1.0,69.0,C
204.75,66.0,63.0,0.25,1.0,69.0,C
204.75,71.0,66.0,0.25,1.0,69.0,C
205.0,63.0,61.0,0.25,1.0,69.0,N
205.25,66.0,63.0,0.25,1.0,69.0,C
205.25,71.0,66.0,0.25,1.0,69.0,C
205.5,66.0,63.0,0.25,1.0,69.0,C
205.5,71.0,66.0,0.25,1.0,69.0,C
205.75,66.0,63.0,0.25,1.0,69.0,C
205.75,71.0,66.0,0.25,1.0,69.0,C
206.0,63.0,61.0,0.25,1.0,69.0,N
206.25,66.0,63.0,0.25,1.0,69.0,C
206.25,71.0,66.0,0.25,1.0,69.0,C
206.5,66.0,63.0,0.25,1.0,69.0,C
206.5,71.0,66.0,0.25,1.0,69.0,C
206.75,66.0,63.0,0.25,1.0,69.0,C
206.75,71.0,66.0,0.25,1.0,69.0,C
207.0,64.0,62.0,0.5,1.0,70.0,C
207.0,68.0,64.0,0.5,1.0,70.0,C
207.0,71.0,66.0,0.5,1.0,70.0,C
207.5,0.0,0.0,0.5,1.0,70.0,R
208.0,0.0,0.0,1.0,1.0,71.0,R
209.0,56.0,57.0,0.125,1.0,70.0,N
209.125,52.0,55.0,0.125,1.0,70.0,N
209.25,47.0,52.0,0.125,1.0,70.0,N
209.375,52.0,55.0,0.125,1.0,70.0,N
209.5,40.0,48.0,0.5,1.0,70.0,N
210.0,30.0,42.0,0.5,1.0,71.0,C
210.0,35.0,45.0,0.5,1.0,71.0,C
210.0,42.0,49.0,0.5,1.0,71.0,C
210.5,0.0,0.0,0.5,1.0,71.0,R
211.0,30.0,42.0,0.5,1.0,71.0,C
211.0,35.0,45.0,0.5,1.0,71.0,C
211.0,42.0,49.0,0.5,1.0,71.0,C
211.5,0.0,0.0,0.5,1.0,71.0,R
212.0,30.0,42.0,0.5,1.0,71.0,C
212.0,35.0,45.0,0.5,1.0,71.0,C
212.0,42.0,49.0,0.5,1.0,71.0,C
212.5,0.0,0.0,0.5,1.0,71.0,R
213.0,32.0,43.0,0.5,1.0,72.0,C
213.0,35.0,45.0,0.5,1.0,72.0,C
213.0,44.0,50.0,0.5,1.0,72.0,C
213.5,0.0,0.0,2.0,1.0,72.0,R
215.5,0.0,0.0,0.5,1.0,72.0,R
216.0,39.0,47.0,0.5,1.0,73.0,C
216.0,47.0,52.0,0.5,1.0,73.0,C
216.0,51.0,54.0,0.5,1.0,73.0,C
216.5,0.0,0.0,0.5,1.0,73.0,R
217.0,39.0,47.0,0.5,1.0,73.0,C
217.0,47.0,52.0,0.5,1.0,73.0,C
217.0,51.0,54.0,0.5,1.0,73.0,C
217.5,0.0,0.0,0.5,1.0,73.0,R
218.0,39.0,47.0,0.5,1.0,73.0,C
218.0,47.0,52.0,0.5,1.0,73.0,C
218.0,51.0,54.0,0.5,1.0,73.0,C
218.5,0.0,0.0,0.5,1.0,73.0,R
219.0,40.0,48.0,0.5,1.0,74.0,C
219.0,47.0,52.0,0.5,1.0,74.0,C
219.0,52.0,55.0,0.5,1.0,74.0,C
219.5,52.0,55.0,0.5,1.0,74.0,C
219.5,64.0,62.0,0.5,1.0,74.0,C
220.0,52.0,55.0,0.5,1.0,74.0,C
220.0,64.0,62.0,0.5,1.0,74.0,C
220.5,49.0,53.0,0.5,1.0,74.0,C
220.5,52.0,55.0,0.5,1.0,74.0,C
220.5,61.0,60.0,0.5,1.0,74.0,C
221.0,49.0,53.0,0.5,1.0,74.0,C
221.0,52.0,55.0,0.5,1.0,74.0,C
221.0,61.0,60.0,0.5,1.0,74.0,C
221.5,48.0,53.0,0.5,1.0,74.0,C
221.5,52.0,55.0,0.5,1.0,74.0,C
221.5,60.0,60.0,0.5,1.0,74.0,C
222.0,48.0,53.0,0.5,1.0,75.0,C
222.0,52.0,55.0,0.5,1.0,75.0,C
222.0,60.0,60.0,0.5,1.0,75.0,C
222.5,47.0,52.0,0.5,1.0,75.0,C
222.5,52.0,55.0,0.5,1.0,75.0,C
222.5,59.0,59.0,0.5,1.0,75.0,C
223.0,45.0,51.0,0.5,1.0,75.0,C
223.0,52.0,55.0,0.5,1.0,75.0,C
223.0,57.0,58.0,0.5,1.0,75.0,C
223.5,44.0,50.0,0.5,1.0,75.0,C
223.5,52.0,55.0,0.5,1.0,75.0,C
223.5,56.0,57.0,0.5,1.0,75.0,C
224.0,56.0,57.0,0.5,1.0,75.0,C
224.0,64.0,62.0,0.5,1.0,75.0,C
224.0,68.0,64.0,0.5,1.0,75.0,C
224.5,57.0,58.0,0.5,1.0,75.0,C
224.5,64.0,62.0,0.5,1.0,75.0,C
224.5,69.0,65.0,0.5,1.0,75.0,C
225.0,0.0,0.0,0.25,1.0,75.0,R
225.25,69.0,65.0,0.25,1.0,76.0,N
225.5,57.0,58.0,0.75,1.0,76.0,N
226.25,68.0,64.0,0.25,1.0,76.0,N
226.5,56.0,57.0,0.75,1.0,76.0,N
227.25,66.0,63.0,0.25,1.0,76.0,N
227.5,54.0,56.0,0.75,1.0,76.0,N
228.25,68.0,64.0,0.25,1.0,77.0,N
228.5,56.0,57.0,0.75,1.0,77.0,N
229.25,66.0,63.0,0.25,1.0,77.0,N
229.5,54.0,56.0,0.5,1.0,77.0,N
230.0,53.0,55.0,0.5,1.0,77.0,C
230.0,65.0,62.0,0.5,1.0,77.0,C
230.5,52.0,55.0,0.5,1.0,77.0,C
230.5,64.0,62.0,0.5,1.0,77.0,C
231.0,51.0,55.0,1.5,1.0,78.0,C
231.0,63.0,62.0,1.5,1.0,78.0,C
232.5,53.0,56.0,0.5,1.0,78.0,C
232.5,65.0,63.0,0.5,1.0,78.0,C
233.0,55.0,57.0,0.25,1.0,78.0,C
233.0,67.0,64.0,0.25,1.0,78.0,C
233.25,56.0,58.0,0.25,1.0,78.0,C
233.25,68.0,65.0,0.25,1.0,78.0,C
233.5,58.0,59.0,0.25,1.0,78.0,C
233.5,70.0,66.0,0.25,1.0,78.0,C
233.75,60.0,60.0,0.25,1.0,78.0,C
233.75,72.0,67.0,0.25,1.0,78.0,C
234.0,0.0,0.0,0.25,1.0,78.0,R
234.25,73.0,68.0,0.25,1.0,79.0,N
234.5,61.0,61.0,0.75,1.0,79.0,N
235.25,72.0,67.0,0.25,1.0,79.0,N
235.5,60.0,60.0,0.75,1.0,79.0,N
236.25,70.0,66.0,0.25,1.0,79.0,N
236.5,58.0,59.0,0.5,1.0,79.0,N
237.0,56.0,58.0,0.25,1.0,80.0,N
237.25,72.0,67.0,0.25,1.0,80.0,N
237.5,60.0,60.0,0.75,1.0,80.0,N
238.25,70.0,66.0,0.25,1.0,80.0,N
238.5,58.0,59.0,0.5,1.0,80.0,N
239.0,68.0,65.0,0.25,1.0,80.0,N
239.25,56.0,58.0,0.25,1.0,80.0,N
239.5,58.0,59.0,0.25,1.0,80.0,N
239.75,60.0,60.0,0.25,1.0,80.0,N
240.0,63.0,62.0,0.25,1.0,81.0,N
240.25,60.0,60.0,0.25,1.0,81.0,N
240.5,61.0,61.0,0.25,1.0,81.0,N
240.75,49.0,54.0,0.25,1.0,81.0,N
241.0,61.0,61.0,0.25,1.0,81.0,N
241.25,59.0,59.0,0.25,1.0,81.0,N
241.5,60.0,60.0,0.25,1.0,81.0,N
241.75,48.0,53.0,0.25,1.0,81.0,N
242.0,60.0,60.0,0.25,1.0,81.0,N
242.25,57.0,58.0,0.25,1.0,81.0,N
242.5,58.0,59.0,0.25,1.0,81.0,N
242.75,46.0,52.0,0.25,1.0,81.0,N
243.0,61.0,61.0,0.25,1.0,82.0,N
243.25,59.0,59.0,0.25,1.0,82.0,N
243.5,60.0,60.0,0.25,1.0,82.0,N
243.75,48.0,53.0,0.25,1.0,82.0,N
244.0,60.0,60.0,0.25,1.0,82.0,N
244.25,57.0,58.0,0.25,1.0,82.0,N
244.5,58.0,59.0,0.25,1.0,82.0,N
244.75,46.0,52.0,0.25,1.0,82.0,N
245.0,48.0,53.0,0.25,1.0,82.0,C
245.0,56.0,58.0,0.25,1.0,82.0,C
245.25,49.0,54.0,0.25,1.0,82.0,C
245.25,55.0,57.0,0.25,1.0,82.0,C
245.5,48.0,53.0,0.25,1.0,82.0,C
245.5,56.0,58.0,0.25,1.0,82.0,C
245.75,49.0,54.0,0.25,1.0,82.0,C
245.75,55.0,57.0,0.25,1.0,82.0,C
246.0,48.0,53.0,1.0,1.0,83.0,C
246.0,56.0,58.0,1.0,1.0,83.0,C
247.0,49.0,54.0,1.0,1.0,83.0,C
247.0,55.0,57.0,1.0,1.0,83.0,C
248.0,48.0,53.0,0.25,1.0,83.0,C
248.0,56.0,58.0,0.25,1.0,83.0,C
248.25,46.0,52.0,0.25,1.0,83.0,C
248.25,53.0,56.0,0.25,1.0,83.0,C
248.5,48.0,53.0,0.25,1.0,83.0,C
248.5,56.0,58.0,0.25,1.0,83.0,C
248.75,46.0,52.0,0.25,1.0,83.0,C
248.75,53.0,56.0,0.25,1.0,83.0,C
249.0,48.0,53.0,1.0,1.0,84.0,C
249.0,51.0,55.0,1.0,1.0,84.0,C
249.0,56.0,58.0,1.0,1.0,84.0,C
250.0,46.0,52.0,1.0,1.0,84.0,N
251.0,44.0,51.0,1.0,1.0,84.0,N
252.0,43.0,50.0,1.0,1.0,85.0,N
253.0,41.0,49.0,1.0,1.0,85.0,N
254.0,39.0,48.0,1.0,1.0,85.0,N
255.0,37.0,47.0,2.25,1.0,86.0,N
257.25,36.0,46.0,0.125,1.0,86.0,N
257.375,37.0,47.0,0.125,1.0,86.0,N
257.5,39.0,48.0,0.125,1.0,86.0,N
257.625,37.0,47.0,0.125,1.0,86.0,N
257.75,36.0,46.0,0.125,1.0,86.0,N
257.875,34.0,45.0,0.125,1.0,86.0,N
258.0,32.0,44.0,0.25,1.0,87.0,N
258.25,44.0,51.0,0.25,1.0,87.0,C
258.25,48.0,53.0,0.25,1.0,87.0,C
258.5,44.0,51.0,0.25,1.0,87.0,C
258.5,48.0,53.0,0.25,1.0,87.0,C
258.75,43.0,50.0,0.25,1.0,87.0,C
258.75,44.0,51.0,0.25,1.0,87.0,C
258.75,48.0,53.0,0.25,1.0,87.0,C
259.0,43.0,50.0,0.25,1.0,87.0,C
259.0,44.0,51.0,0.25,1.0,87.0,C
259.0,48.0,53.0,0.25,1.0,87.0,C
259.25,41.0,49.0,0.25,1.0,87.0,C
259.25,44.0,51.0,0.25,1.0,87.0,C
259.25,48.0,53.0,0.25,1.0,87.0,C
259.5,41.0,49.0,0.25,1.0,87.0,C
259.5,44.0,51.0,0.25,1.0,87.0,C
259.5,48.0,53.0,0.25,1.0,87.0,C
259.75,39.0,48.0,0.25,1.0,87.0,C
259.75,44.0,51.0,0.25,1.0,87.0,C
259.75,48.0,53.0,0.25,1.0,87.0,C
260.0,39.0,48.0,0.25,1.0,87.0,C
260.0,44.0,51.0,0.25,1.0,87.0,C
260.0,48.0,53.0,0.25,1.0,87.0,C
260.25,37.0,47.0,0.25,1.0,87.0,C
260.25,44.0,51.0,0.25,1.0,87.0,C
260.25,48.0,53.0,0.25,1.0,87.0,C
260.5,36.0,46.0,0.25,1.0,87.0,C
260.5,44.0,51.0,0.25,1.0,87.0,C
260.5,48.0,53.0,0.25,1.0,87.0,C
260.75,36.0,46.0,0.25,1.0,87.0,C
260.75,44.0,51.0,0.25,1.0,87.0,C
260.75,48.0,53.0,0.25,1.0,87.0,C
261.0,36.0,46.0,0.25,1.0,88.0,N
261.25,44.0,51.0,0.25,1.0,88.0,C
261.25,48.0,53.0,0.25,1.0,88.0,C
261.5,44.0,51.0,0.25,1.0,88.0,C
261.5,48.0,53.0,0.25,1.0,88.0,C
261.75,43.0,50.0,0.25,1.0,88.0,C
261.75,44.0,51.0,0.25,1.0,88.0,C
261.75,48.0,53.0,0.25,1.0,88.0,C
262.0,43.0,50.0,0.25,1.0,88.0,C
262.0,44.0,51.0,0.25,1.0,88.0,C
262.0,48.0,53.0,0.25,1.0,88.0,C
262.25,41.0,49.0,0.25,1.0,88.0,C
262.25,44.0,51.0,0.25,1.0,88.0,C
262.25,48.0,53.0,0.25,1.0,88.0,C
262.5,41.0,49.0,0.25,1.0,88.0,C
262.5,44.0,51.0,0.25,1.0,88.0,C
262.5,48.0,53.0,0.25,1.0,88.0,C
262.75,39.0,48.0,0.25,1.0,88.0,C
262.75,44.0,51.0,0.25,1.0,88.0,C
262.75,48.0,53.0,0.25,1.0,88.0,C
263.0,39.0,48.0,0.25,1.0,88.0,C
263.0,44.0,51.0,0.25,1.0,88.0,C
263.0,48.0,53.0,0.25,1.0,88.0,C
263.25,37.0,47.0,0.25,1.0,88.0,C
263.25,44.0,51.0,0.25,1.0,88.0,C
263.25,48.0,53.0,0.25,1.0,88.0,C
263.5,36.0,46.0,0.25,1.0,88.0,C
263.5,44.0,51.0,0.25,1.0,88.0,C
263.5,48.0,53.0,0.25,1.0,88.0,C
263.75,36.0,46.0,0.25,1.0,88.0,C
263.75,44.0,51.0,0.25,1.0,88.0,C
263.75,48.0,53.0,0.25,1.0,88.0,C
264.0,36.0,46.0,0.25,1.0,89.0,N
264.25,44.0,51.0,0.25,1.0,89.0,C
264.25,48.0,53.0,0.25,1.0,89.0,C
264.5,44.0,51.0,0.25,1.0,89.0,C
264.5,48.0,53.0,0.25,1.0,89.0,C
264.75,43.0,50.0,0.25,1.0,89.0,C
264.75,44.0,51.0,0.25,1.0,89.0,C
264.75,48.0,53.0,0.25,1.0,89.0,C
265.0,43.0,50.0,0.25,1.0,89.0,C
265.0,44.0,51.0,0.25,1.0,89.0,C
265.0,48.0,53.0,0.25,1.0,89.0,C
265.25,41.0,49.0,0.25,1.0,89.0,C
265.25,44.0,51.0,0.25,1.0,89.0,C
265.25,48.0,53.0,0.25,1.0,89.0,C
265.5,41.0,49.0,0.25,1.0,89.0,C
265.5,44.0,51.0,0.25,1.0,89.0,C
265.5,48.0,53.0,0.25,1.0,89.0,C
265.75,39.0,48.0,0.25,1.0,89.0,C
265.75,44.0,51.0,0.25,1.0,89.0,C
265.75,48.0,53.0,0.25,1.0,89.0,C
266.0,39.0,48.0,0.25,1.0,89.0,C
266.0,44.0,51.0,0.25,1.0,89.0,C
266.0,48.0,53.0,0.25,1.0,89.0,C
266.25,39.0,48.0,0.25,1.0,89.0,C
266.25,44.0,51.0,0.25,1.0,89.0,C
266.25,48.0,53.0,0.25,1.0,89.0,C
266.5,37.0,47.0,0.25,1.0,89.0,C
266.5,44.0,51.0,0.25,1.0,89.0,C
266.5,48.0,53.0,0.25,1.0,89.0,C
266.75,36.0,46.0,0.25,1.0,89.0,C
266.75,44.0,51.0,0.25,1.0,89.0,C
266.75,48.0,53.0,0.25,1.0,89.0,C
267.0,37.0,47.0,1.0,1.0,90.0,C
267.0,44.0,51.0,1.0,1.0,90.0,C
267.0,46.0,52.0,1.0,1.0,90.0,C
268.0,0.0,0.0,0.75,1.0,90.0,R
268.75,50.0,54.0,0.25,1.0,90.0,C
268.75,56.0,58.0,0.25,1.0,90.0,C
269.0,51.0,55.0,0.5,1.0,90.0,C
269.0,55.0,57.0,0.5,1.0,90.0,C
269.5,0.0,0.0,0.25,1.0,90.0,R
269.75,51.0,55.0,0.25,1.0,90.0,C
269.75,58.0,59.0,0.25,1.0,90.0,C
270.0,53.0,56.0,1.0,1.0,91.0,C
270.0,56.0,58.0,1.0,1.0,91.0,C
271.0,55.0,57.0,1.0,1.0,91.0,C
271.0,58.0,59.0,1.0,1.0,91.0,C
272.0,56.0,58.0,0.25,1.0,91.0,C
272.0,60.0,60.0,0.25,1.0,91.0,C
272.25,56.0,58.0,0.25,1.0,91.0,C
272.25,60.0,60.0,0.25,1.0,91.0,C
272.5,58.0,59.0,0.25,1.0,91.0,C
272.5,61.0,61.0,0.25,1.0,91.0,C
272.75,60.0,60.0,0.25,1.0,91.0,C
272.75,63.0,62.0,0.25,1.0,91.0,C
273.0,61.0,61.0,0.5,1.0,92.0,C
273.0,65.0,63.0,0.5,1.0,92.0,C
273.5,0.0,0.0,1.0,1.0,92.0,R
274.5,49.0,54.0,0.25,1.0,92.0,C
274.5,53.0,56.0,0.25,1.0,92.0,C
274.5,56.0,58.0,0.25,1.0,92.0,C
274.75,50.0,54.0,0.25,1.0,92.0,C
274.75,53.0,56.0,0.25,1.0,92.0,C
274.75,56.0,58.0,0.25,1.0,92.0,C
275.0,51.0,55.0,0.5,1.0,92.0,C
275.0,55.0,57.0,0.5,1.0,92.0,C
275.5,0.0,0.0,0.25,1.0,92.0,R
275.75,51.0,55.0,0.25,1.0,92.0,C
275.75,58.0,59.0,0.25,1.0,92.0,C
276.0,56.0,58.0,1.25,1.0,93.0,N
276.0,60.0,60.0,0.5,1.0,93.0,N
276.5,61.0,61.0,0.25,1.0,93.0,N
276.75,60.0,60.0,0.25,1.0,93.0,N
277.0,56.0,58.0,0.25,1.0,93.0,C
277.0,58.0,59.0,0.25,1.0,93.0,C
277.25,56.0,58.0,0.25,1.0,93.0,N
277.5,55.0,57.0,0.25,1.0,93.0,N
277.75,56.0,58.0,0.25,1.0,93.0,N
278.0,51.0,55.0,1.0,1.0,93.0,C
278.0,58.0,59.0,1.0,1.0,93.0,C
279.0,44.0,51.0,1.25,1.0,94.0,N
279.0,56.0,58.0,0.25,1.0,94.0,N
279.25,48.0,53.0,0.25,1.0,94.0,N
279.5,49.0,54.0,0.25,1.0,94.0,N
279.75,48.0,53.0,0.25,1.0,94.0,N
280.0,44.0,51.0,0.25,1.0,94.0,C
280.0,46.0,52.0,0.25,1.0,94.0,C
280.25,44.0,51.0,0.25,1.0,94.0,N
280.5,43.0,50.0,0.25,1.0,94.0,N
280.75,44.0,51.0,0.25,1.0,94.0,N
281.0,39.0,48.0,1.0,1.0,94.0,C
281.0,46.0,52.0,1.0,1.0,94.0,C
282.0,32.0,44.0,1.0,1.0,95.0,C
282.0,44.0,51.0,1.0,1.0,95.0,C
283.0,32.0,44.0,3.0,1.0,95.0,N
283.0,36.0,46.0,2.0,1.0,95.0,C
283.0,39.0,48.0,2.0,1.0,95.0,C
283.0,44.0,51.0,2.0,1.0,95.0,C
285.0,0.0,0.0,1.0,1.0,95.0,R
286.0,44.0,51.0,1.0,1.0,96.0,C
286.0,48.0,53.0,1.0,1.0,96.0,C
286.0,51.0,55.0,1.0,1.0,96.0,C
286.0,56.0,58.0,1.0,1.0,96.0,C
287.0,56.0,58.0,1.0,1.0,96.0,C
287.0,60.0,60.0,1.0,1.0,96.0,C
287.0,63.0,62.0,1.0,1.0,96.0,C
288.0,53.0,56.0,1.0,1.0,97.0,C
288.0,56.0,58.0,1.0,1.0,97.0,C
288.0,58.0,59.0,1.0,1.0,97.0,C
288.0,62.0,61.0,1.0,1.0,97.0,C
289.0,53.0,56.0,2.0,1.0,97.0,C
289.0,56.0,58.0,2.0,1.0,97.0,C
289.0,58.0,59.0,2.0,1.0,97.0,C
289.0,62.0,61.0,2.0,1.0,97.0,C
291.0,51.0,55.0,1.0,1.0,98.0,C
291.0,55.0,57.0,1.0,1.0,98.0,C
291.0,58.0,59.0,1.0,1.0,98.0,C
291.0,63.0,62.0,1.0,1.0,98.0,C
292.0,51.0,55.0,1.0,1.0,98.0,C
292.0,55.0,57.0,1.0,1.0,98.0,C
292.0,58.0,59.0,1.0,1.0,98.0,C
292.0,63.0,62.0,1.0,1.0,98.0,C
293.0,51.0,55.0,1.0,1.0,98.0,C
293.0,55.0,57.0,1.0,1.0,98.0,C
293.0,58.0,59.0,1.0,1.0,98.0,C
293.0,63.0,62.0,1.0,1.0,98.0,C
294.0,53.0,56.0,1.0,1.0,99.0,C
294.0,56.0,58.0,1.0,1.0,99.0,C
294.0,58.0,59.0,1.0,1.0,99.0,C
294.0,62.0,61.0,1.0,1.0,99.0,C
295.0,53.0,56.0,2.0,1.0,99.0,C
295.0,56.0,58.0,2.0,1.0,99.0,C
295.0,58.0,59.0,2.0,1.0,99.0,C
295.0,62.0,61.0,2.0,1.0,99.0,C
297.0,51.0,55.0,1.0,1.0,100.0,C
297.0,55.0,57.0,1.0,1.0,100.0,C
297.0,58.0,59.0,1.0,1.0,100.0,C
297.0,63.0,62.0,1.0,1.0,100.0,C
298.0,49.0,54.0,2.5,1.0,100.0,N
298.0,58.0,59.0,2.0,1.0,100.0,N
300.0,0.0,0.0,0.5,1.0,100.0,R
300.5,48.0,53.0,0.5,1.0,101.0,C
300.5,60.0,60.0,0.5,1.0,101.0,C
301.0,48.0,53.0,2.5,1.0,101.0,N
301.0,60.0,60.0,2.0,1.0,101.0,N
303.0,0.0,0.0,0.5,1.0,101.0,R
303.5,52.0,55.0,0.5,1.0,102.0,C
303.5,55.0,57.0,0.5,1.0,102.0,C
304.0,52.0,55.0,2.5,1.0,102.0,N
304.0,55.0,57.0,2.0,1.0,102.0,N
306.0,0.0,0.0,0.5,1.0,102.0,R
306.5,53.0,56.0,0.5,1.0,103.0,C
306.5,56.0,58.0,0.5,1.0,103.0,C
307.0,53.0,56.0,2.5,1.0,103.0,N
307.0,56.0,58.0,2.0,1.0,103.0,N
309.0,0.0,0.0,0.5,1.0,103.0,R
309.5,51.0,55.0,0.5,1.0,104.0,C
309.5,58.0,59.0,0.5,1.0,104.0,C
310.0,51.0,55.0,2.0,1.0,104.0,C
310.0,58.0,59.0,2.0,1.0,104.0,C
312.0,56.0,58.0,0.5,1.0,105.0,C
312.0,60.0,60.0,0.5,1.0,105.0,C
312.5,0.0,0.0,2.0,1.0,105.0,R
314.5,32.0,44.0,0.125,1.0,105.0,N
314.625,36.0,46.0,0.125,1.0,105.0,N
314.75,39.0,48.0,0.125,1.0,105.0,N
314.875,44.0,51.0,0.125,1.0,105.0,N
315.0,34.0,45.0,0.5,1.0,106.0,C
315.0,39.0,48.0,0.5,1.0,106.0,C
315.0,46.0,52.0,0.5,1.0,106.0,C
315.5,0.0,0.0,0.5,1.0,106.0,R
316.0,34.0,45.0,0.5,1.0,106.0,C
316.0,39.0,48.0,0.5,1.0,106.0,C
316.0,46.0,52.0,0.5,1.0,106.0,C
316.5,0.0,0.0,0.5,1.0,106.0,R
317.0,34.0,45.0,0.5,1.0,106.0,C
317.0,39.0,48.0,0.5,1.0,106.0,C
317.0,46.0,52.0,0.5,1.0,106.0,C
317.5,0.0,0.0,0.5,1.0,106.0,R
318.0,36.0,46.0,0.5,1.0,107.0,C
318.0,39.0,48.0,0.5,1.0,107.0,C
318.0,48.0,53.0,0.5,1.0,107.0,C
318.5,0.0,0.0,1.0,1.0,107.0,R
319.5,0.0,0.0,0.5,1.0,107.0,R
320.0,0.0,0.0,1.0,1.0,108.0,R
321.0,31.0,43.0,0.5,1.0,108.0,C
321.0,39.0,48.0,0.5,1.0,108.0,C
321.0,43.0,50.0,0.5,1.0,108.0,C
321.5,0.0,0.0,0.5,1.0,108.0,R
322.0,43.0,50.0,0.5,1.0,108.0,C
322.0,51.0,55.0,0.5,1.0,108.0,C
322.0,55.0,57.0,0.5,1.0,108.0,C
322.5,0.0,0.0,0.5,1.0,108.0,R
323.0,43.0,50.0,0.5,1.0,108.0,C
323.0,51.0,55.0,0.5,1.0,108.0,C
323.0,55.0,57.0,0.5,1.0,108.0,C
323.5,0.0,0.0,0.5,1.0,108.0,R
324.0,44.0,51.0,0.5,1.0,109.0,C
324.0,51.0,55.0,0.5,1.0,109.0,C
324.0,56.0,58.0,0.5,1.0,109.0,C
324.5,0.0,0.0,0.5,1.0,109.0,R
325.0,53.0,56.0,0.5,1.0,109.0,C
325.0,56.0,58.0,0.5,1.0,109.0,C
325.0,65.0,63.0,0.5,1.0,109.0,C
325.5,0.0,0.0,0.5,1.0,109.0,R
326.0,48.0,53.0,0.5,1.0,109.0,C
326.0,56.0,58.0,0.5,1.0,109.0,C
326.0,60.0,60.0,0.5,1.0,109.0,C
326.5,48.0,53.0,0.5,1.0,109.0,C
326.5,56.0,58.0,0.5,1.0,109.0,C
326.5,60.0,60.0,0.5,1.0,109.0,C
327.0,49.0,54.0,0.5,1.0,110.0,C
327.0,56.0,58.0,0.5,1.0,110.0,C
327.0,61.0,61.0,0.5,1.0,110.0,C
327.5,0.0,0.0,0.5,1.0,110.0,R
328.0,46.0,52.0,0.5,1.0,110.0,C
328.0,51.0,55.0,0.5,1.0,110.0,C
328.0,58.0,59.0,0.5,1.0,110.0,C
328.5,0.0,0.0,0.5,1.0,110.0,R
329.0,48.0,53.0,0.5,1.0,110.0,C
329.0,51.0,55.0,0.5,1.0,110.0,C
329.0,60.0,60.0,0.5,1.0,110.0,C
329.5,48.0,53.0,0.5,1.0,110.0,C
329.5,51.0,55.0,0.5,1.0,110.0,C
329.5,60.0,60.0,0.5,1.0,110.0,C
330.0,49.0,54.0,2.0,1.0,111.0,N
330.0,56.0,58.0,0.5,1.0,111.0,N
330.5,57.0,58.0,0.5,1.0,111.0,N
331.0,58.0,59.0,0.5,1.0,111.0,N
331.5,60.0,60.0,0.25,1.0,111.0,N
331.75,61.0,61.0,0.25,1.0,111.0,N
332.0,51.0,55.0,1.0,1.0,111.0,C
332.0,55.0,57.0,1.0,1.0,111.0,C
332.0,58.0,59.0,1.0,1.0,111.0,C
333.0,60.0,60.0,1.5,1.0,112.0,C
333.0,63.0,62.0,1.5,1.0,112.0,C
334.5,56.0,58.0,0.5,1.0,112.0,C
334.5,60.0,60.0,0.5,1.0,112.0,C
335.0,56.0,58.0,0.75,1.0,112.0,C
335.0,60.0,60.0,0.75,1.0,112.0,C
335.75,56.0,58.0,0.5,1.0,112.0,N
335.75,60.0,60.0,0.25,1.0,112.0,N
336.0,49.0,54.0,1.25,1.0,113.0,N
336.0,56.0,58.0,0.25,1.0,113.0,C
336.0,60.0,60.0,0.25,1.0,113.0,C
336.25,57.0,58.0,0.25,1.0,113.0,N
336.5,58.0,59.0,0.25,1.0,113.0,N
336.75,60.0,60.0,0.25,1.0,113.0,N
337.0,49.0,54.0,0.25,1.0,113.0,C
337.0,61.0,61.0,0.25,1.0,113.0,C
337.25,49.0,54.0,0.25,1.0,113.0,N
337.5,51.0,55.0,0.25,1.0,113.0,N
337.75,53.0,56.0,0.25,1.0,113.0,N
338.0,51.0,55.0,0.25,1.0,113.0,N
338.25,39.0,48.0,0.25,1.0,113.0,N
338.5,41.0,49.0,0.25,1.0,113.0,N
338.75,43.0,50.0,0.25,1.0,113.0,N
339.0,32.0,44.0,2.5,1.0,114.0,N
339.0,44.0,51.0,1.0,1.0,114.0,N
340.0,41.0,49.0,0.5,1.0,114.0,N
340.5,37.0,47.0,0.5,1.0,114.0,N
341.0,32.0,44.0,0.5,1.0,114.0,C
341.0,43.0,50.0,0.5,1.0,114.0,C
341.5,32.0,44.0,0.5,1.0,114.0,C
341.5,46.0,52.0,0.5,1.0,114.0,C
342.0,32.0,44.0,2.0,1.0,115.0,C
342.0,46.0,52.0,2.0,1.0,115.0,C
344.0,32.0,44.0,0.5,1.0,115.0,C
344.0,44.0,51.0,0.5,1.0,115.0,C
344.5,0.0,0.0,0.5,1.0,115.0,R
345.0,32.0,44.0,0.5,1.0,116.0,C
